,0,1,2,3,4,5,6,7,8,9,10,11,12,13,14,15,16,17,18,19,20,21,22,23,24,25,26,27,28,29,30,31,32,33,34,35,36,37,38,39,40,41,42,43,44,45,46,47,48,49
0,"(103, 64)","(121, 138)","(145, 104)","(138, 45)","(44, 69)","(138, 149)","(109, 34)","(109, 68)","(103, 8)","(106, 139)","(103, 159)","(103, 64)","(104, 148)","(138, 55)","(34, 69)","(103, 135)","(69, 98)","(69, 75)","(68, 10)","(104, 108)","(97, 139)","(70, 139)","(103, 114)","(33, 106)","(41, 103)","(42, 139)","(93, 104)","(68, 166)","(61, 103)","(34, 15)","(104, 44)","(138, 106)","(68, 3)","(69, 36)","(138, 56)","(99, 68)","(33, 98)","(68, 27)","(30, 69)","(68, 74)","(138, 35)","(103, 146)","(29, 104)","(33, 132)","(100, 69)","(89, 68)","(133, 139)","(118, 69)","(139, 68)","(4, 34)"
1,"(103, 64)","(120, 139)","(144, 104)","(138, 45)","(44, 69)","(138, 150)","(111, 34)","(111, 68)","(103, 8)","(105, 139)","(103, 159)","(103, 64)","(103, 149)","(138, 55)","(35, 68)","(103, 137)","(69, 100)","(69, 77)","(68, 8)","(104, 110)","(95, 139)","(69, 138)","(103, 116)","(33, 104)","(39, 103)","(41, 139)","(94, 104)","(68, 165)","(59, 103)","(33, 14)","(104, 46)","(138, 108)","(68, 2)","(69, 34)","(138, 57)","(97, 68)","(33, 98)","(68, 25)","(31, 69)","(68, 76)","(138, 37)","(103, 146)","(28, 104)","(33, 132)","(98, 69)","(87, 68)","(131, 139)","(120, 69)","(140, 69)","(5, 34)"
2,"(103, 64)","(118, 139)","(143, 104)","(138, 46)","(45, 69)","(138, 151)","(112, 34)","(113, 68)","(103, 8)","(103, 139)","(103, 160)","(103, 64)","(103, 150)","(138, 55)","(37, 68)","(103, 138)","(69, 102)","(69, 79)","(68, 7)","(104, 112)","(95, 139)","(67, 138)","(103, 118)","(32, 104)","(37, 103)","(39, 139)","(95, 104)","(68, 164)","(57, 103)","(33, 12)","(104, 48)","(138, 108)","(68, 2)","(69, 32)","(138, 57)","(95, 68)","(33, 98)","(68, 23)","(33, 69)","(68, 78)","(138, 39)","(103, 146)","(28, 104)","(33, 132)","(96, 69)","(85, 68)","(131, 139)","(122, 69)","(142, 69)","(6, 34)"
3,"(103, 64)","(116, 139)","(142, 104)","(138, 48)","(47, 69)","(138, 152)","(113, 34)","(115, 68)","(103, 8)","(103, 141)","(103, 160)","(103, 64)","(103, 150)","(138, 55)","(37, 69)","(103, 138)","(67, 103)","(69, 81)","(68, 6)","(104, 114)","(93, 139)","(65, 138)","(103, 120)","(32, 104)","(35, 103)","(37, 139)","(96, 104)","(68, 162)","(55, 103)","(33, 12)","(104, 50)","(138, 109)","(68, 2)","(69, 30)","(138, 58)","(93, 68)","(33, 97)","(68, 21)","(33, 67)","(68, 80)","(138, 40)","(103, 146)","(28, 104)","(33, 130)","(94, 69)","(83, 68)","(130, 139)","(124, 69)","(142, 69)","(6, 34)"
4,"(103, 64)","(115, 139)","(141, 104)","(138, 50)","(48, 69)","(138, 154)","(115, 34)","(117, 68)","(103, 10)","(103, 142)","(103, 161)","(103, 64)","(103, 151)","(138, 55)","(38, 69)","(101, 138)","(65, 103)","(69, 83)","(68, 5)","(104, 116)","(92, 139)","(64, 139)","(103, 122)","(32, 104)","(33, 103)","(36, 139)","(98, 104)","(68, 162)","(53, 103)","(33, 12)","(104, 52)","(138, 110)","(68, 1)","(68, 30)","(138, 60)","(91, 68)","(33, 96)","(68, 20)","(33, 65)","(68, 82)","(138, 40)","(103, 146)","(27, 104)","(33, 129)","(92, 69)","(81, 68)","(129, 139)","(126, 69)","(143, 69)","(8, 34)"
5,"(103, 64)","(113, 139)","(140, 104)","(138, 50)","(50, 69)","(138, 156)","(116, 34)","(119, 68)","(103, 11)","(103, 143)","(103, 163)","(103, 64)","(103, 151)","(138, 56)","(38, 69)","(99, 138)","(63, 103)","(69, 85)","(68, 5)","(104, 118)","(90, 139)","(64, 139)","(103, 124)","(31, 104)","(32, 104)","(34, 139)","(99, 104)","(68, 160)","(51, 103)","(33, 11)","(104, 54)","(138, 111)","(68, 0)","(68, 29)","(138, 61)","(89, 68)","(33, 95)","(68, 20)","(33, 64)","(68, 84)","(138, 41)","(103, 147)","(25, 104)","(33, 127)","(90, 69)","(79, 68)","(129, 139)","(128, 69)","(145, 69)","(8, 34)"
6,"(103, 64)","(111, 139)","(139, 105)","(138, 50)","(50, 69)","(138, 157)","(117, 34)","(121, 68)","(103, 13)","(103, 143)","(103, 165)","(103, 64)","(103, 151)","(138, 57)","(40, 69)","(97, 138)","(61, 103)","(69, 87)","(68, 5)","(104, 120)","(88, 139)","(63, 139)","(103, 126)","(29, 104)","(32, 104)","(33, 138)","(100, 104)","(68, 158)","(49, 103)","(33, 10)","(104, 56)","(138, 113)","(68, 0)","(68, 28)","(138, 61)","(87, 68)","(33, 93)","(68, 19)","(33, 62)","(68, 86)","(138, 43)","(103, 147)","(24, 104)","(33, 127)","(88, 69)","(77, 68)","(128, 139)","(130, 69)","(146, 69)","(8, 34)"
7,"(103, 64)","(111, 139)","(139, 107)","(138, 51)","(51, 69)","(138, 159)","(118, 34)","(123, 68)","(103, 15)","(103, 143)","(103, 166)","(103, 64)","(103, 152)","(138, 57)","(41, 69)","(97, 139)","(59, 103)","(69, 89)","(68, 4)","(104, 122)","(87, 139)","(62, 139)","(103, 128)","(27, 104)","(31, 104)","(33, 136)","(101, 104)","(68, 158)","(47, 103)","(33, 9)","(104, 58)","(138, 113)","(68, 0)","(68, 26)","(138, 62)","(85, 68)","(33, 92)","(68, 18)","(33, 61)","(68, 88)","(138, 44)","(103, 147)","(23, 104)","(33, 125)","(86, 69)","(75, 68)","(127, 139)","(132, 69)","(146, 69)","(9, 34)"
8,"(103, 64)","(110, 139)","(139, 109)","(138, 52)","(52, 69)","(138, 161)","(119, 34)","(125, 68)","(103, 16)","(103, 143)","(103, 168)","(103, 64)","(103, 154)","(138, 58)","(42, 69)","(96, 139)","(57, 103)","(69, 91)","(68, 4)","(104, 124)","(86, 139)","(60, 139)","(103, 130)","(27, 104)","(31, 104)","(33, 135)","(101, 104)","(68, 158)","(45, 103)","(33, 7)","(104, 60)","(138, 114)","(68, 0)","(68, 24)","(138, 62)","(83, 68)","(33, 90)","(68, 17)","(33, 60)","(68, 90)","(138, 44)","(103, 148)","(21, 104)","(33, 123)","(84, 69)","(73, 68)","(126, 139)","(134, 69)","(147, 69)","(11, 34)"
9,"(103, 64)","(108, 139)","(139, 111)","(138, 53)","(53, 69)","(138, 162)","(120, 34)","(127, 68)","(103, 18)","(103, 144)","(103, 168)","(103, 64)","(103, 155)","(138, 58)","(43, 69)","(94, 139)","(55, 103)","(69, 93)","(68, 4)","(104, 126)","(85, 139)","(60, 139)","(103, 132)","(27, 104)","(31, 104)","(33, 133)","(101, 104)","(68, 157)","(43, 103)","(33, 5)","(104, 62)","(138, 114)","(68, 0)","(68, 23)","(138, 63)","(81, 68)","(33, 90)","(68, 16)","(33, 59)","(68, 92)","(138, 44)","(103, 149)","(21, 104)","(33, 122)","(82, 69)","(71, 68)","(124, 139)","(136, 69)","(148, 69)","(11, 34)"
10,"(103, 64)","(107, 139)","(138, 112)","(138, 54)","(54, 69)","(138, 162)","(122, 34)","(129, 68)","(103, 18)","(103, 144)","(103, 170)","(103, 64)","(103, 155)","(138, 59)","(43, 69)","(92, 139)","(53, 103)","(69, 95)","(68, 4)","(104, 128)","(83, 139)","(59, 139)","(103, 134)","(25, 104)","(30, 104)","(33, 132)","(103, 104)","(68, 156)","(41, 103)","(33, 5)","(104, 64)","(138, 115)","(68, 0)","(68, 21)","(138, 64)","(79, 68)","(33, 89)","(68, 15)","(33, 58)","(68, 94)","(138, 45)","(103, 151)","(20, 104)","(33, 121)","(80, 69)","(69, 68)","(122, 139)","(138, 69)","(148, 69)","(12, 34)"
11,"(103, 64)","(106, 139)","(138, 112)","(138, 56)","(54, 69)","(138, 162)","(123, 34)","(131, 68)","(103, 20)","(103, 144)","(103, 171)","(103, 64)","(103, 156)","(138, 60)","(44, 69)","(90, 139)","(51, 103)","(69, 97)","(68, 4)","(104, 130)","(82, 139)","(58, 139)","(103, 136)","(25, 104)","(29, 104)","(33, 131)","(103, 105)","(68, 154)","(39, 103)","(33, 4)","(104, 66)","(138, 116)","(68, 0)","(68, 20)","(138, 64)","(77, 68)","(33, 88)","(68, 14)","(33, 58)","(68, 96)","(138, 47)","(103, 151)","(19, 104)","(33, 120)","(78, 69)","(69, 68)","(121, 139)","(138, 70)","(149, 69)","(14, 34)"
12,"(103, 64)","(106, 139)","(138, 112)","(138, 56)","(55, 69)","(138, 164)","(124, 34)","(133, 68)","(103, 22)","(103, 145)","(103, 171)","(103, 64)","(103, 158)","(138, 60)","(45, 69)","(88, 139)","(49, 103)","(69, 99)","(68, 4)","(104, 132)","(81, 139)","(57, 139)","(103, 138)","(24, 104)","(28, 104)","(33, 129)","(103, 107)","(68, 153)","(37, 103)","(33, 2)","(103, 68)","(138, 117)","(68, 0)","(68, 18)","(138, 65)","(75, 68)","(33, 87)","(68, 13)","(33, 57)","(68, 98)","(138, 48)","(103, 151)","(17, 104)","(33, 120)","(76, 69)","(68, 68)","(119, 139)","(138, 71)","(149, 69)","(16, 34)"
13,"(103, 64)","(106, 139)","(138, 113)","(138, 56)","(57, 69)","(138, 164)","(125, 34)","(135, 68)","(103, 23)","(103, 146)","(103, 172)","(103, 64)","(103, 159)","(138, 60)","(46, 69)","(87, 139)","(47, 103)","(69, 101)","(68, 4)","(104, 134)","(81, 139)","(57, 139)","(102, 139)","(22, 104)","(27, 104)","(33, 128)","(103, 109)","(68, 152)","(35, 103)","(33, 1)","(105, 68)","(138, 118)","(68, 0)","(68, 17)","(138, 67)","(73, 68)","(33, 86)","(68, 12)","(33, 55)","(68, 100)","(138, 50)","(103, 153)","(17, 104)","(33, 119)","(74, 69)","(68, 66)","(117, 139)","(138, 72)","(151, 69)","(18, 34)"
14,"(103, 64)","(106, 139)","(138, 114)","(138, 56)","(58, 69)","(138, 165)","(127, 34)","(137, 68)","(103, 24)","(103, 147)","(103, 172)","(103, 64)","(103, 160)","(138, 61)","(46, 69)","(87, 139)","(45, 103)","(69, 103)","(68, 4)","(104, 136)","(81, 139)","(55, 139)","(102, 139)","(21, 104)","(26, 104)","(33, 128)","(103, 111)","(68, 151)","(33, 103)","(33, 1)","(107, 68)","(138, 118)","(68, 0)","(68, 15)","(138, 69)","(71, 68)","(33, 85)","(68, 10)","(33, 53)","(68, 102)","(138, 51)","(103, 153)","(16, 104)","(33, 119)","(72, 69)","(68, 64)","(116, 139)","(138, 73)","(151, 69)","(18, 34)"
15,"(103, 64)","(106, 139)","(138, 114)","(138, 57)","(59, 69)","(138, 165)","(128, 34)","(139, 68)","(103, 25)","(103, 148)","(103, 172)","(103, 64)","(103, 162)","(138, 61)","(47, 69)","(86, 139)","(43, 103)","(67, 103)","(68, 4)","(104, 138)","(80, 139)","(54, 139)","(102, 139)","(20, 104)","(24, 104)","(33, 126)","(103, 113)","(68, 150)","(33, 102)","(33, 0)","(109, 68)","(138, 118)","(68, 0)","(68, 15)","(138, 70)","(69, 68)","(33, 85)","(68, 9)","(33, 52)","(68, 103)","(138, 52)","(103, 153)","(15, 104)","(33, 119)","(70, 69)","(68, 62)","(114, 139)","(138, 74)","(152, 69)","(19, 34)"
16,"(103, 64)","(106, 139)","(138, 114)","(138, 58)","(60, 69)","(138, 166)","(129, 34)","(139, 70)","(103, 25)","(103, 149)","(103, 172)","(103, 64)","(103, 162)","(138, 62)","(48, 69)","(86, 139)","(41, 103)","(68, 103)","(68, 4)","(102, 138)","(79, 139)","(52, 139)","(101, 139)","(19, 104)","(23, 104)","(33, 125)","(103, 115)","(68, 150)","(33, 101)","(33, 0)","(111, 68)","(138, 118)","(68, 0)","(68, 14)","(138, 71)","(68, 67)","(33, 85)","(68, 8)","(33, 50)","(68, 103)","(138, 53)","(103, 154)","(15, 104)","(33, 117)","(69, 68)","(68, 60)","(113, 139)","(138, 75)","(153, 69)","(19, 34)"
17,"(103, 64)","(104, 139)","(138, 115)","(138, 58)","(61, 69)","(138, 166)","(131, 34)","(139, 72)","(103, 26)","(103, 150)","(103, 172)","(103, 64)","(103, 164)","(138, 63)","(50, 69)","(85, 139)","(39, 103)","(68, 103)","(68, 4)","(100, 138)","(78, 139)","(51, 139)","(99, 139)","(18, 104)","(23, 104)","(33, 124)","(103, 117)","(68, 149)","(33, 100)","(33, 0)","(113, 68)","(138, 120)","(68, 0)","(68, 14)","(138, 71)","(68, 69)","(33, 83)","(68, 8)","(33, 48)","(68, 103)","(138, 54)","(103, 155)","(14, 104)","(33, 115)","(68, 68)","(68, 58)","(111, 139)","(138, 76)","(154, 69)","(20, 34)"
18,"(103, 64)","(104, 141)","(138, 117)","(138, 60)","(63, 69)","(138, 168)","(131, 34)","(138, 72)","(103, 28)","(103, 151)","(103, 172)","(103, 64)","(103, 164)","(138, 65)","(51, 69)","(83, 139)","(37, 103)","(68, 103)","(68, 4)","(98, 138)","(76, 139)","(51, 139)","(98, 139)","(18, 104)","(22, 104)","(33, 122)","(103, 119)","(68, 147)","(33, 99)","(33, 0)","(115, 68)","(138, 121)","(68, 0)","(68, 13)","(138, 71)","(70, 69)","(33, 82)","(68, 8)","(33, 46)","(68, 103)","(138, 56)","(103, 155)","(13, 104)","(33, 115)","(67, 68)","(68, 56)","(110, 139)","(138, 76)","(154, 69)","(20, 34)"
19,"(103, 64)","(103, 142)","(138, 117)","(138, 61)","(63, 69)","(138, 168)","(132, 34)","(138, 72)","(103, 29)","(103, 151)","(103, 172)","(103, 64)","(103, 165)","(138, 67)","(52, 69)","(82, 139)","(35, 103)","(68, 103)","(68, 4)","(96, 138)","(75, 139)","(50, 139)","(98, 139)","(17, 104)","(21, 104)","(33, 120)","(103, 121)","(68, 146)","(33, 98)","(33, 0)","(117, 68)","(138, 121)","(68, 0)","(68, 12)","(138, 71)","(70, 69)","(33, 81)","(68, 8)","(33, 45)","(68, 103)","(138, 56)","(103, 156)","(12, 104)","(33, 115)","(69, 69)","(68, 54)","(110, 139)","(138, 77)","(154, 69)","(20, 34)"
20,"(103, 64)","(103, 142)","(138, 117)","(138, 62)","(64, 69)","(138, 169)","(133, 34)","(138, 73)","(103, 30)","(103, 151)","(103, 172)","(103, 64)","(103, 165)","(138, 67)","(53, 69)","(80, 139)","(33, 103)","(68, 103)","(68, 4)","(94, 138)","(74, 139)","(49, 139)","(96, 139)","(15, 104)","(21, 104)","(33, 119)","(103, 123)","(68, 144)","(33, 98)","(33, 0)","(119, 68)","(138, 121)","(68, 0)","(68, 12)","(138, 71)","(70, 68)","(33, 80)","(68, 8)","(33, 45)","(68, 103)","(138, 56)","(103, 156)","(11, 104)","(33, 113)","(70, 68)","(68, 52)","(108, 139)","(138, 78)","(154, 69)","(21, 34)"
21,"(103, 64)","(103, 142)","(138, 117)","(138, 63)","(66, 69)","(138, 169)","(133, 34)","(138, 74)","(103, 31)","(103, 152)","(103, 172)","(103, 64)","(103, 166)","(138, 67)","(53, 69)","(79, 139)","(33, 101)","(68, 103)","(68, 4)","(93, 139)","(73, 139)","(49, 139)","(96, 139)","(14, 104)","(21, 104)","(33, 118)","(103, 125)","(68, 144)","(33, 97)","(33, 0)","(121, 68)","(138, 121)","(68, 0)","(68, 12)","(138, 71)","(70, 68)","(33, 80)","(68, 8)","(33, 45)","(68, 103)","(138, 57)","(103, 157)","(10, 104)","(33, 112)","(70, 68)","(68, 50)","(107, 139)","(138, 79)","(155, 69)","(22, 34)"
22,"(103, 64)","(103, 144)","(138, 117)","(138, 63)","(68, 70)","(138, 170)","(133, 34)","(138, 74)","(103, 33)","(103, 153)","(103, 172)","(103, 64)","(103, 166)","(138, 67)","(54, 69)","(79, 139)","(33, 101)","(68, 103)","(68, 4)","(92, 139)","(71, 139)","(49, 139)","(96, 139)","(14, 104)","(19, 104)","(33, 117)","(103, 127)","(68, 144)","(33, 97)","(33, 0)","(123, 68)","(138, 121)","(68, 0)","(68, 12)","(138, 71)","(70, 68)","(33, 78)","(68, 8)","(33, 43)","(68, 103)","(138, 58)","(103, 158)","(9, 104)","(33, 112)","(70, 68)","(68, 48)","(106, 139)","(138, 81)","(156, 69)","(22, 34)"
23,"(103, 64)","(103, 145)","(138, 117)","(138, 63)","(70, 69)","(138, 171)","(134, 34)","(138, 75)","(105, 33)","(103, 154)","(103, 172)","(103, 64)","(103, 166)","(138, 67)","(56, 69)","(78, 139)","(33, 101)","(68, 103)","(68, 4)","(92, 139)","(71, 139)","(49, 139)","(96, 139)","(13, 104)","(18, 104)","(33, 116)","(103, 129)","(68, 143)","(33, 96)","(33, 0)","(125, 68)","(138, 122)","(68, 0)","(68, 12)","(138, 71)","(70, 68)","(33, 76)","(68, 8)","(33, 42)","(68, 103)","(138, 59)","(103, 160)","(8, 104)","(33, 110)","(70, 68)","(68, 46)","(104, 139)","(138, 82)","(157, 69)","(22, 34)"
24,"(103, 64)","(103, 146)","(138, 118)","(138, 63)","(70, 69)","(138, 172)","(135, 34)","(138, 75)","(105, 34)","(103, 156)","(103, 172)","(103, 64)","(103, 167)","(138, 67)","(58, 69)","(76, 139)","(33, 100)","(68, 103)","(68, 4)","(91, 139)","(70, 139)","(49, 139)","(96, 139)","(12, 104)","(18, 104)","(33, 115)","(103, 131)","(68, 142)","(33, 95)","(33, 0)","(127, 68)","(138, 122)","(68, 0)","(68, 12)","(138, 71)","(70, 68)","(33, 75)","(68, 8)","(33, 42)","(68, 103)","(138, 59)","(103, 162)","(8, 104)","(33, 109)","(70, 68)","(68, 44)","(103, 140)","(138, 83)","(159, 69)","(24, 34)"
25,"(103, 64)","(103, 147)","(138, 118)","(138, 63)","(69, 68)","(138, 172)","(136, 34)","(138, 77)","(105, 34)","(103, 156)","(103, 172)","(103, 64)","(103, 168)","(138, 67)","(60, 69)","(74, 139)","(33, 99)","(68, 103)","(68, 4)","(90, 139)","(68, 139)","(48, 139)","(96, 139)","(12, 104)","(17, 104)","(33, 115)","(103, 133)","(68, 141)","(33, 95)","(33, 0)","(129, 68)","(138, 123)","(68, 0)","(68, 12)","(138, 73)","(70, 68)","(33, 73)","(68, 8)","(33, 41)","(68, 103)","(138, 59)","(103, 162)","(8, 104)","(33, 108)","(70, 68)","(68, 42)","(103, 142)","(138, 83)","(160, 69)","(24, 34)"
26,"(103, 64)","(103, 149)","(138, 119)","(138, 63)","(69, 66)","(138, 172)","(138, 34)","(138, 78)","(105, 34)","(103, 157)","(103, 172)","(103, 64)","(103, 168)","(138, 67)","(61, 69)","(72, 139)","(33, 99)","(68, 103)","(68, 4)","(89, 139)","(66, 139)","(47, 139)","(95, 139)","(11, 104)","(16, 104)","(33, 114)","(103, 135)","(68, 141)","(33, 95)","(33, 0)","(131, 68)","(138, 124)","(68, 0)","(68, 12)","(138, 74)","(70, 68)","(33, 72)","(68, 8)","(33, 40)","(68, 103)","(138, 59)","(103, 164)","(6, 104)","(33, 106)","(70, 68)","(68, 40)","(103, 142)","(138, 85)","(161, 69)","(25, 34)"
27,"(103, 64)","(103, 150)","(138, 119)","(138, 63)","(69, 64)","(138, 172)","(139, 35)","(138, 78)","(106, 34)","(103, 157)","(103, 172)","(103, 64)","(103, 168)","(138, 68)","(63, 69)","(70, 139)","(33, 99)","(68, 103)","(68, 4)","(88, 139)","(65, 139)","(46, 139)","(94, 139)","(10, 104)","(15, 104)","(33, 114)","(103, 137)","(68, 139)","(33, 95)","(33, 0)","(133, 68)","(138, 124)","(68, 0)","(68, 12)","(138, 74)","(70, 68)","(33, 71)","(68, 8)","(33, 39)","(68, 103)","(138, 59)","(103, 164)","(4, 104)","(33, 105)","(70, 68)","(68, 38)","(103, 142)","(138, 86)","(162, 69)","(26, 34)"
28,"(103, 64)","(103, 152)","(138, 120)","(138, 64)","(69, 62)","(138, 172)","(139, 37)","(138, 79)","(107, 34)","(103, 159)","(103, 172)","(103, 64)","(103, 168)","(139, 69)","(65, 69)","(69, 139)","(33, 99)","(68, 103)","(68, 4)","(87, 139)","(64, 139)","(46, 139)","(93, 139)","(8, 104)","(14, 104)","(33, 112)","(103, 139)","(68, 138)","(33, 93)","(33, 0)","(135, 68)","(138, 124)","(68, 0)","(68, 12)","(138, 75)","(70, 68)","(33, 71)","(68, 8)","(33, 38)","(68, 103)","(138, 60)","(103, 164)","(2, 104)","(33, 105)","(70, 68)","(68, 36)","(103, 143)","(138, 87)","(162, 69)","(27, 34)"
29,"(103, 64)","(103, 152)","(138, 120)","(138, 64)","(69, 60)","(138, 172)","(138, 38)","(138, 80)","(107, 34)","(103, 160)","(103, 172)","(103, 64)","(103, 168)","(141, 69)","(67, 69)","(68, 139)","(33, 99)","(68, 103)","(68, 4)","(86, 139)","(64, 139)","(44, 139)","(93, 139)","(7, 104)","(14, 104)","(33, 111)","(102, 139)","(68, 137)","(33, 91)","(33, 0)","(137, 68)","(138, 124)","(68, 0)","(68, 12)","(138, 76)","(70, 68)","(33, 69)","(68, 8)","(33, 37)","(68, 103)","(138, 60)","(103, 164)","(0, 104)","(33, 104)","(70, 68)","(68, 34)","(103, 143)","(138, 88)","(163, 69)","(28, 34)"
30,"(103, 64)","(103, 153)","(138, 120)","(138, 64)","(69, 58)","(138, 172)","(138, 38)","(138, 80)","(107, 34)","(103, 160)","(103, 172)","(103, 64)","(103, 168)","(143, 69)","(68, 68)","(68, 139)","(33, 99)","(68, 103)","(68, 4)","(84, 139)","(64, 139)","(44, 139)","(91, 139)","(5, 104)","(12, 104)","(33, 109)","(101, 139)","(68, 137)","(33, 90)","(33, 0)","(139, 68)","(138, 124)","(68, 0)","(68, 12)","(138, 76)","(70, 68)","(35, 69)","(68, 8)","(33, 36)","(68, 103)","(138, 60)","(103, 164)","(0, 104)","(31, 104)","(70, 68)","(68, 32)","(103, 144)","(138, 90)","(164, 69)","(30, 34)"
31,"(103, 64)","(103, 154)","(138, 120)","(138, 66)","(69, 56)","(138, 172)","(138, 40)","(138, 81)","(108, 34)","(103, 160)","(103, 172)","(103, 64)","(103, 168)","(144, 69)","(67, 68)","(68, 139)","(33, 98)","(68, 103)","(68, 4)","(83, 139)","(62, 139)","(43, 139)","(90, 139)","(5, 104)","(10, 104)","(33, 107)","(99, 139)","(68, 135)","(33, 88)","(33, 0)","(139, 70)","(138, 124)","(68, 0)","(68, 12)","(138, 77)","(70, 68)","(36, 69)","(68, 8)","(33, 34)","(68, 103)","(138, 61)","(103, 164)","(0, 104)","(30, 104)","(70, 68)","(68, 30)","(103, 145)","(138, 90)","(165, 69)","(32, 34)"
32,"(103, 64)","(103, 155)","(138, 120)","(138, 67)","(69, 54)","(138, 172)","(138, 41)","(138, 82)","(110, 34)","(103, 160)","(103, 172)","(103, 64)","(103, 168)","(146, 69)","(69, 68)","(67, 139)","(33, 97)","(68, 103)","(68, 4)","(83, 139)","(60, 139)","(42, 139)","(89, 139)","(4, 104)","(9, 104)","(33, 106)","(99, 139)","(68, 133)","(33, 87)","(33, 0)","(138, 70)","(138, 125)","(68, 0)","(68, 12)","(138, 78)","(70, 68)","(37, 69)","(68, 8)","(34, 33)","(68, 103)","(138, 61)","(103, 164)","(0, 104)","(29, 104)","(70, 68)","(68, 28)","(103, 145)","(138, 90)","(166, 69)","(33, 33)"
33,"(103, 64)","(103, 156)","(138, 120)","(138, 67)","(69, 52)","(138, 172)","(138, 42)","(138, 83)","(111, 34)","(103, 160)","(103, 172)","(103, 64)","(103, 168)","(148, 69)","(70, 68)","(66, 139)","(33, 97)","(68, 103)","(68, 4)","(82, 139)","(59, 139)","(42, 139)","(89, 139)","(4, 104)","(8, 104)","(33, 105)","(98, 139)","(68, 133)","(33, 86)","(33, 0)","(138, 71)","(138, 126)","(68, 0)","(68, 12)","(138, 79)","(70, 68)","(37, 69)","(68, 8)","(35, 34)","(68, 103)","(138, 62)","(103, 164)","(0, 104)","(27, 104)","(70, 68)","(68, 28)","(103, 146)","(138, 92)","(167, 69)","(33, 32)"
34,"(103, 64)","(103, 156)","(138, 121)","(138, 67)","(69, 50)","(138, 172)","(138, 43)","(138, 83)","(111, 34)","(103, 160)","(103, 172)","(103, 64)","(103, 168)","(149, 69)","(70, 68)","(66, 139)","(33, 95)","(68, 103)","(68, 4)","(81, 139)","(58, 139)","(40, 139)","(87, 139)","(4, 104)","(8, 104)","(32, 104)","(97, 139)","(68, 135)","(33, 85)","(33, 0)","(138, 71)","(138, 127)","(68, 0)","(68, 12)","(138, 79)","(70, 68)","(38, 69)","(68, 8)","(35, 34)","(68, 103)","(138, 63)","(103, 164)","(0, 104)","(25, 104)","(70, 68)","(68, 27)","(103, 146)","(138, 94)","(168, 69)","(33, 32)"
35,"(103, 64)","(103, 156)","(138, 121)","(138, 67)","(69, 48)","(138, 172)","(138, 43)","(138, 85)","(112, 34)","(103, 160)","(103, 172)","(103, 64)","(103, 168)","(149, 69)","(70, 68)","(65, 139)","(33, 94)","(68, 103)","(68, 4)","(80, 139)","(58, 139)","(38, 139)","(86, 139)","(4, 104)","(8, 104)","(32, 104)","(96, 139)","(68, 137)","(33, 84)","(33, 0)","(138, 71)","(138, 128)","(68, 0)","(68, 12)","(138, 80)","(70, 68)","(40, 69)","(68, 8)","(36, 34)","(68, 103)","(138, 63)","(103, 164)","(0, 104)","(24, 104)","(70, 68)","(68, 26)","(103, 146)","(138, 94)","(169, 69)","(33, 31)"
36,"(103, 64)","(103, 156)","(138, 122)","(138, 68)","(69, 46)","(138, 172)","(138, 45)","(138, 87)","(113, 34)","(103, 160)","(103, 172)","(103, 64)","(103, 168)","(149, 69)","(70, 68)","(64, 139)","(33, 93)","(68, 103)","(68, 4)","(79, 139)","(57, 139)","(37, 139)","(85, 139)","(4, 104)","(8, 104)","(31, 104)","(94, 139)","(68, 137)","(33, 84)","(33, 0)","(138, 73)","(138, 128)","(68, 0)","(68, 12)","(138, 80)","(70, 68)","(40, 69)","(68, 8)","(36, 34)","(68, 103)","(138, 63)","(103, 164)","(0, 104)","(23, 104)","(70, 68)","(68, 26)","(103, 147)","(138, 95)","(171, 69)","(33, 30)"
37,"(103, 64)","(103, 156)","(138, 123)","(140, 68)","(69, 44)","(138, 172)","(138, 46)","(138, 87)","(113, 34)","(103, 160)","(103, 172)","(103, 64)","(103, 168)","(150, 69)","(70, 68)","(63, 139)","(33, 92)","(68, 103)","(68, 4)","(78, 139)","(56, 139)","(36, 139)","(84, 139)","(4, 104)","(8, 104)","(30, 104)","(94, 139)","(67, 138)","(33, 82)","(33, 0)","(138, 73)","(138, 129)","(68, 0)","(68, 12)","(138, 81)","(70, 68)","(41, 69)","(68, 8)","(38, 34)","(68, 103)","(138, 64)","(103, 164)","(0, 104)","(23, 104)","(70, 68)","(68, 25)","(103, 148)","(138, 96)","(172, 69)","(33, 28)"
38,"(103, 64)","(103, 156)","(138, 124)","(141, 69)","(69, 42)","(138, 172)","(138, 47)","(138, 88)","(114, 34)","(103, 160)","(103, 172)","(103, 64)","(103, 168)","(150, 69)","(70, 68)","(62, 139)","(33, 91)","(68, 103)","(68, 4)","(77, 139)","(55, 139)","(35, 139)","(82, 139)","(4, 104)","(8, 104)","(29, 104)","(94, 139)","(65, 138)","(33, 80)","(33, 0)","(138, 74)","(138, 131)","(68, 0)","(68, 12)","(138, 82)","(70, 68)","(41, 69)","(68, 8)","(40, 34)","(68, 103)","(138, 65)","(103, 164)","(0, 104)","(23, 104)","(70, 68)","(68, 23)","(103, 149)","(138, 98)","(172, 69)","(33, 27)"
39,"(103, 64)","(103, 156)","(138, 125)","(143, 69)","(69, 40)","(138, 172)","(138, 48)","(138, 88)","(116, 34)","(103, 160)","(103, 172)","(103, 64)","(103, 168)","(151, 69)","(70, 68)","(60, 139)","(33, 91)","(68, 103)","(68, 4)","(76, 139)","(54, 139)","(35, 139)","(81, 139)","(4, 104)","(8, 104)","(28, 104)","(93, 139)","(65, 139)","(33, 79)","(33, 0)","(138, 76)","(138, 133)","(68, 0)","(68, 12)","(138, 84)","(70, 68)","(41, 69)","(68, 8)","(41, 34)","(68, 103)","(138, 67)","(103, 164)","(0, 104)","(23, 104)","(70, 68)","(68, 23)","(103, 151)","(138, 100)","(172, 69)","(33, 25)"
40,"(103, 64)","(103, 156)","(138, 126)","(145, 69)","(69, 38)","(138, 172)","(138, 48)","(138, 89)","(116, 34)","(103, 160)","(103, 172)","(103, 64)","(103, 168)","(153, 69)","(70, 68)","(59, 139)","(33, 91)","(68, 103)","(68, 4)","(75, 139)","(53, 139)","(35, 139)","(81, 139)","(4, 104)","(8, 104)","(27, 104)","(92, 139)","(63, 139)","(33, 78)","(33, 0)","(138, 77)","(138, 134)","(68, 0)","(68, 12)","(138, 85)","(70, 68)","(43, 69)","(68, 8)","(42, 34)","(68, 103)","(138, 69)","(103, 164)","(0, 104)","(21, 104)","(70, 68)","(68, 21)","(103, 152)","(138, 100)","(172, 69)","(33, 24)"
41,"(103, 64)","(103, 156)","(138, 127)","(147, 69)","(69, 36)","(138, 172)","(138, 48)","(138, 91)","(116, 34)","(103, 160)","(103, 172)","(103, 64)","(103, 168)","(155, 69)","(70, 68)","(57, 139)","(33, 90)","(68, 103)","(68, 4)","(73, 139)","(53, 139)","(34, 139)","(79, 139)","(4, 104)","(8, 104)","(26, 104)","(92, 139)","(62, 139)","(33, 77)","(33, 0)","(138, 78)","(138, 135)","(68, 0)","(68, 12)","(138, 87)","(70, 68)","(43, 69)","(68, 8)","(43, 34)","(68, 103)","(139, 70)","(103, 164)","(0, 104)","(21, 104)","(70, 68)","(68, 20)","(103, 152)","(138, 100)","(172, 69)","(33, 22)"
42,"(103, 64)","(103, 156)","(138, 129)","(148, 69)","(69, 34)","(138, 172)","(138, 50)","(138, 92)","(117, 34)","(103, 160)","(103, 172)","(103, 64)","(103, 168)","(157, 69)","(70, 68)","(56, 139)","(33, 89)","(68, 103)","(68, 4)","(72, 139)","(51, 139)","(34, 137)","(78, 139)","(4, 104)","(8, 104)","(26, 104)","(90, 139)","(62, 139)","(33, 75)","(33, 0)","(138, 79)","(138, 137)","(68, 0)","(68, 12)","(138, 88)","(70, 68)","(44, 69)","(68, 8)","(43, 34)","(68, 103)","(138, 71)","(103, 164)","(0, 104)","(19, 104)","(70, 68)","(68, 20)","(103, 152)","(138, 100)","(172, 69)","(33, 21)"
43,"(103, 64)","(103, 156)","(138, 130)","(150, 69)","(71, 34)","(138, 172)","(138, 51)","(138, 94)","(118, 34)","(103, 160)","(103, 172)","(103, 64)","(103, 168)","(157, 69)","(70, 68)","(56, 139)","(33, 88)","(68, 103)","(68, 4)","(71, 139)","(49, 139)","(33, 137)","(78, 139)","(4, 104)","(8, 104)","(26, 104)","(89, 139)","(61, 139)","(33, 75)","(33, 0)","(138, 80)","(138, 138)","(68, 0)","(68, 12)","(138, 89)","(70, 68)","(44, 69)","(68, 8)","(44, 34)","(68, 103)","(138, 72)","(103, 164)","(0, 104)","(19, 104)","(70, 68)","(68, 18)","(103, 152)","(138, 101)","(172, 69)","(33, 19)"
44,"(103, 64)","(103, 156)","(138, 131)","(151, 69)","(73, 34)","(138, 172)","(138, 52)","(138, 96)","(119, 34)","(103, 160)","(103, 172)","(103, 64)","(103, 168)","(158, 69)","(70, 68)","(56, 139)","(33, 86)","(68, 103)","(68, 4)","(70, 139)","(47, 139)","(33, 137)","(77, 139)","(4, 104)","(8, 104)","(24, 104)","(89, 139)","(60, 139)","(33, 73)","(33, 0)","(138, 81)","(137, 139)","(68, 0)","(68, 12)","(138, 90)","(70, 68)","(44, 69)","(68, 8)","(45, 34)","(68, 103)","(138, 74)","(103, 164)","(0, 104)","(19, 104)","(70, 68)","(68, 17)","(103, 152)","(138, 101)","(172, 69)","(33, 18)"
45,"(103, 64)","(103, 156)","(138, 132)","(152, 69)","(75, 34)","(138, 172)","(138, 53)","(138, 97)","(121, 34)","(103, 160)","(103, 172)","(103, 64)","(103, 168)","(159, 69)","(70, 68)","(56, 139)","(33, 86)","(68, 103)","(68, 4)","(68, 139)","(46, 139)","(33, 136)","(75, 139)","(4, 104)","(8, 104)","(24, 104)","(88, 139)","(60, 139)","(33, 72)","(33, 0)","(138, 82)","(135, 139)","(68, 0)","(68, 12)","(138, 90)","(70, 68)","(45, 69)","(68, 8)","(47, 34)","(68, 103)","(138, 76)","(103, 164)","(0, 104)","(19, 104)","(70, 68)","(68, 17)","(103, 152)","(138, 101)","(172, 69)","(33, 17)"
46,"(103, 64)","(103, 156)","(138, 133)","(153, 69)","(76, 34)","(138, 172)","(138, 54)","(138, 97)","(122, 34)","(103, 160)","(103, 172)","(103, 64)","(103, 168)","(161, 69)","(70, 68)","(55, 139)","(33, 85)","(68, 103)","(68, 4)","(67, 138)","(44, 139)","(33, 136)","(74, 139)","(4, 104)","(8, 104)","(23, 104)","(87, 139)","(59, 139)","(33, 70)","(33, 0)","(138, 82)","(134, 139)","(68, 0)","(68, 12)","(138, 91)","(70, 68)","(46, 69)","(68, 8)","(47, 34)","(68, 103)","(138, 76)","(103, 164)","(0, 104)","(17, 104)","(70, 68)","(68, 16)","(103, 152)","(138, 102)","(172, 69)","(33, 16)"
47,"(103, 64)","(103, 156)","(138, 134)","(154, 69)","(76, 34)","(138, 172)","(138, 56)","(138, 98)","(123, 34)","(103, 160)","(103, 172)","(103, 64)","(103, 168)","(162, 69)","(70, 68)","(54, 139)","(33, 85)","(68, 103)","(68, 4)","(67, 139)","(43, 139)","(33, 134)","(72, 139)","(4, 104)","(8, 104)","(23, 104)","(86, 139)","(59, 139)","(33, 68)","(33, 0)","(138, 83)","(132, 139)","(68, 0)","(68, 12)","(138, 92)","(70, 68)","(48, 69)","(68, 8)","(49, 34)","(68, 103)","(138, 77)","(103, 164)","(0, 104)","(16, 104)","(70, 68)","(68, 16)","(103, 152)","(138, 103)","(172, 69)","(33, 15)"
48,"(103, 64)","(103, 156)","(138, 135)","(156, 69)","(78, 34)","(138, 172)","(138, 57)","(138, 99)","(124, 34)","(103, 160)","(103, 172)","(103, 64)","(103, 168)","(163, 69)","(70, 68)","(52, 139)","(33, 83)","(68, 103)","(68, 4)","(66, 139)","(41, 139)","(33, 133)","(71, 139)","(4, 104)","(8, 104)","(23, 104)","(84, 139)","(59, 139)","(35, 68)","(33, 0)","(138, 85)","(131, 139)","(68, 0)","(68, 12)","(138, 93)","(70, 68)","(49, 69)","(68, 8)","(51, 34)","(68, 103)","(138, 79)","(103, 164)","(0, 104)","(14, 104)","(70, 68)","(68, 16)","(103, 152)","(138, 105)","(172, 69)","(33, 13)"
49,"(103, 64)","(103, 156)","(138, 135)","(157, 69)","(80, 34)","(138, 172)","(138, 57)","(138, 99)","(125, 34)","(103, 160)","(103, 172)","(103, 64)","(103, 168)","(164, 69)","(70, 68)","(51, 139)","(33, 82)","(68, 103)","(68, 4)","(66, 139)","(40, 139)","(33, 132)","(70, 139)","(4, 104)","(8, 104)","(22, 104)","(83, 139)","(59, 139)","(37, 68)","(33, 0)","(138, 87)","(130, 139)","(68, 0)","(68, 12)","(138, 94)","(70, 68)","(51, 69)","(68, 8)","(52, 34)","(68, 103)","(138, 79)","(103, 164)","(0, 104)","(14, 104)","(70, 68)","(68, 16)","(103, 152)","(138, 105)","(172, 69)","(33, 13)"
50,"(103, 64)","(103, 156)","(138, 137)","(157, 69)","(82, 34)","(138, 172)","(138, 59)","(138, 101)","(127, 34)","(103, 160)","(103, 172)","(103, 64)","(103, 168)","(166, 69)","(70, 68)","(50, 139)","(33, 82)","(68, 103)","(68, 4)","(65, 139)","(40, 139)","(33, 132)","(70, 139)","(4, 104)","(8, 104)","(20, 104)","(83, 139)","(59, 139)","(38, 69)","(33, 0)","(138, 88)","(130, 139)","(68, 0)","(68, 12)","(138, 95)","(70, 68)","(51, 69)","(68, 8)","(52, 34)","(68, 103)","(138, 80)","(103, 164)","(0, 104)","(14, 104)","(70, 68)","(68, 16)","(103, 152)","(138, 107)","(172, 69)","(33, 11)"
51,"(103, 64)","(103, 156)","(137, 138)","(158, 69)","(82, 34)","(138, 172)","(138, 60)","(138, 103)","(128, 34)","(103, 160)","(103, 172)","(103, 64)","(103, 168)","(168, 69)","(70, 68)","(49, 139)","(33, 80)","(68, 103)","(68, 4)","(63, 139)","(39, 139)","(33, 132)","(68, 139)","(4, 104)","(8, 104)","(19, 104)","(82, 139)","(59, 139)","(38, 69)","(33, 0)","(138, 88)","(129, 139)","(68, 0)","(68, 12)","(138, 95)","(70, 68)","(52, 69)","(68, 8)","(52, 34)","(68, 103)","(138, 82)","(103, 164)","(0, 104)","(14, 104)","(70, 68)","(68, 16)","(103, 152)","(138, 108)","(172, 69)","(33, 9)"
52,"(103, 64)","(103, 156)","(136, 139)","(159, 69)","(83, 34)","(138, 172)","(138, 60)","(137, 104)","(130, 34)","(103, 160)","(103, 172)","(103, 64)","(103, 168)","(170, 69)","(70, 68)","(48, 139)","(33, 78)","(68, 103)","(68, 4)","(62, 139)","(37, 139)","(33, 131)","(68, 137)","(4, 104)","(8, 104)","(19, 104)","(80, 139)","(57, 139)","(39, 69)","(33, 0)","(138, 88)","(128, 139)","(68, 0)","(68, 12)","(138, 96)","(70, 68)","(53, 69)","(68, 8)","(53, 34)","(68, 103)","(138, 84)","(103, 164)","(0, 104)","(12, 104)","(70, 68)","(68, 16)","(103, 152)","(138, 109)","(172, 69)","(33, 7)"
53,"(103, 64)","(103, 156)","(136, 139)","(160, 69)","(84, 34)","(138, 172)","(138, 62)","(135, 104)","(131, 34)","(103, 160)","(103, 172)","(103, 64)","(103, 168)","(170, 69)","(70, 68)","(48, 139)","(33, 78)","(68, 103)","(68, 4)","(61, 139)","(36, 139)","(33, 129)","(68, 135)","(4, 104)","(8, 104)","(18, 104)","(79, 139)","(55, 139)","(41, 69)","(33, 0)","(138, 90)","(127, 139)","(68, 0)","(68, 12)","(138, 96)","(70, 68)","(54, 69)","(68, 8)","(54, 34)","(68, 103)","(138, 85)","(103, 164)","(0, 104)","(12, 104)","(70, 68)","(68, 16)","(103, 152)","(138, 111)","(172, 69)","(33, 6)"
54,"(103, 64)","(103, 156)","(136, 139)","(161, 69)","(85, 34)","(138, 172)","(138, 62)","(133, 104)","(133, 34)","(103, 160)","(103, 172)","(103, 64)","(103, 168)","(170, 69)","(70, 68)","(46, 139)","(33, 78)","(68, 103)","(68, 4)","(60, 139)","(34, 139)","(33, 129)","(68, 133)","(4, 104)","(8, 104)","(16, 104)","(79, 139)","(54, 139)","(41, 69)","(33, 0)","(138, 91)","(126, 139)","(68, 0)","(68, 12)","(138, 98)","(70, 68)","(54, 69)","(68, 8)","(54, 34)","(68, 103)","(138, 85)","(103, 164)","(0, 104)","(12, 104)","(70, 68)","(68, 16)","(103, 152)","(138, 113)","(172, 69)","(33, 5)"
55,"(103, 64)","(103, 156)","(135, 139)","(162, 69)","(86, 34)","(138, 172)","(138, 63)","(131, 104)","(134, 34)","(103, 160)","(103, 172)","(103, 64)","(103, 168)","(172, 69)","(70, 68)","(44, 139)","(33, 77)","(68, 103)","(68, 4)","(58, 139)","(34, 137)","(33, 128)","(68, 133)","(4, 104)","(8, 104)","(16, 104)","(78, 139)","(53, 139)","(42, 69)","(33, 0)","(138, 92)","(125, 139)","(68, 0)","(68, 12)","(138, 98)","(70, 68)","(55, 69)","(68, 8)","(55, 34)","(68, 103)","(138, 86)","(103, 164)","(0, 104)","(12, 104)","(70, 68)","(68, 16)","(103, 152)","(138, 114)","(172, 69)","(33, 5)"
56,"(103, 64)","(103, 156)","(134, 139)","(162, 69)","(88, 34)","(138, 172)","(138, 65)","(129, 104)","(135, 34)","(103, 160)","(103, 172)","(103, 64)","(103, 168)","(172, 69)","(70, 68)","(44, 139)","(33, 76)","(68, 103)","(68, 4)","(57, 139)","(33, 136)","(33, 127)","(68, 135)","(4, 104)","(8, 104)","(16, 104)","(76, 139)","(52, 139)","(44, 69)","(33, 0)","(138, 93)","(125, 139)","(68, 0)","(68, 12)","(138, 98)","(70, 68)","(56, 69)","(68, 8)","(55, 34)","(68, 103)","(138, 88)","(103, 164)","(0, 104)","(12, 104)","(70, 68)","(68, 16)","(103, 152)","(138, 115)","(172, 69)","(33, 5)"
57,"(103, 64)","(103, 156)","(133, 139)","(164, 69)","(88, 34)","(138, 172)","(138, 67)","(127, 104)","(136, 34)","(103, 160)","(103, 172)","(103, 64)","(103, 168)","(172, 69)","(70, 68)","(43, 139)","(33, 76)","(68, 103)","(68, 4)","(56, 139)","(33, 136)","(33, 127)","(68, 137)","(4, 104)","(8, 104)","(16, 104)","(74, 139)","(51, 139)","(45, 69)","(33, 0)","(138, 94)","(124, 139)","(68, 0)","(68, 12)","(138, 100)","(70, 68)","(58, 69)","(68, 8)","(57, 34)","(68, 103)","(138, 88)","(103, 164)","(0, 104)","(12, 104)","(70, 68)","(68, 16)","(103, 152)","(138, 115)","(172, 69)","(33, 5)"
58,"(103, 64)","(103, 156)","(131, 139)","(164, 69)","(89, 34)","(138, 172)","(138, 67)","(125, 104)","(138, 34)","(103, 160)","(103, 172)","(103, 64)","(103, 168)","(172, 69)","(70, 68)","(42, 139)","(33, 74)","(68, 103)","(68, 4)","(55, 139)","(33, 135)","(33, 127)","(67, 138)","(4, 104)","(8, 104)","(16, 104)","(73, 139)","(49, 139)","(47, 69)","(33, 0)","(138, 94)","(123, 139)","(68, 0)","(68, 12)","(138, 100)","(70, 68)","(60, 69)","(68, 8)","(58, 34)","(68, 103)","(138, 89)","(103, 164)","(0, 104)","(12, 104)","(70, 68)","(68, 16)","(103, 152)","(138, 116)","(172, 69)","(33, 5)"
59,"(103, 64)","(103, 156)","(131, 139)","(164, 69)","(90, 34)","(138, 172)","(138, 69)","(123, 104)","(140, 34)","(103, 160)","(103, 172)","(103, 64)","(103, 168)","(172, 69)","(70, 68)","(41, 139)","(33, 72)","(68, 103)","(68, 4)","(54, 139)","(33, 134)","(33, 127)","(65, 138)","(4, 104)","(8, 104)","(16, 104)","(72, 139)","(48, 139)","(48, 69)","(33, 0)","(138, 95)","(121, 139)","(68, 0)","(68, 12)","(138, 102)","(70, 68)","(60, 69)","(68, 8)","(59, 34)","(68, 103)","(138, 90)","(103, 164)","(0, 104)","(12, 104)","(70, 68)","(68, 16)","(103, 152)","(138, 118)","(172, 69)","(33, 4)"
60,"(103, 64)","(103, 156)","(131, 139)","(165, 69)","(92, 34)","(138, 172)","(139, 70)","(121, 104)","(141, 34)","(103, 160)","(103, 172)","(103, 64)","(103, 168)","(172, 69)","(70, 68)","(41, 139)","(33, 71)","(68, 103)","(68, 4)","(52, 139)","(33, 134)","(33, 127)","(64, 139)","(4, 104)","(8, 104)","(16, 104)","(71, 139)","(47, 139)","(48, 69)","(33, 0)","(138, 95)","(121, 139)","(68, 0)","(68, 12)","(138, 103)","(70, 68)","(60, 69)","(68, 8)","(61, 34)","(68, 103)","(138, 91)","(103, 164)","(0, 104)","(12, 104)","(70, 68)","(68, 16)","(103, 152)","(138, 119)","(172, 69)","(33, 4)"
61,"(103, 64)","(103, 156)","(129, 139)","(166, 69)","(92, 34)","(138, 172)","(139, 72)","(119, 104)","(141, 34)","(103, 160)","(103, 172)","(103, 64)","(103, 168)","(172, 69)","(70, 68)","(41, 139)","(33, 69)","(68, 103)","(68, 4)","(50, 139)","(33, 132)","(33, 125)","(62, 139)","(4, 104)","(8, 104)","(16, 104)","(71, 139)","(46, 139)","(49, 69)","(33, 0)","(138, 96)","(120, 139)","(68, 0)","(68, 12)","(137, 104)","(70, 68)","(60, 69)","(68, 8)","(62, 34)","(68, 103)","(138, 91)","(103, 164)","(0, 104)","(12, 104)","(70, 68)","(68, 16)","(103, 152)","(138, 120)","(172, 69)","(33, 4)"
62,"(103, 64)","(103, 156)","(129, 139)","(167, 69)","(93, 34)","(138, 172)","(139, 74)","(117, 104)","(141, 34)","(103, 160)","(103, 172)","(103, 64)","(103, 168)","(172, 69)","(70, 68)","(41, 139)","(34, 68)","(68, 103)","(68, 4)","(49, 139)","(33, 131)","(33, 125)","(61, 139)","(4, 104)","(8, 104)","(16, 104)","(70, 139)","(45, 139)","(51, 69)","(33, 0)","(138, 97)","(119, 139)","(68, 0)","(68, 12)","(135, 104)","(70, 68)","(61, 69)","(68, 8)","(63, 34)","(68, 103)","(138, 93)","(103, 164)","(0, 104)","(12, 104)","(70, 68)","(68, 16)","(103, 152)","(138, 120)","(172, 69)","(33, 4)"
63,"(103, 64)","(103, 156)","(129, 139)","(167, 69)","(94, 34)","(138, 172)","(139, 76)","(115, 104)","(142, 34)","(103, 160)","(103, 172)","(103, 64)","(103, 168)","(172, 69)","(70, 68)","(40, 139)","(33, 67)","(68, 103)","(68, 4)","(49, 139)","(33, 130)","(33, 123)","(61, 139)","(4, 104)","(8, 104)","(16, 104)","(69, 138)","(44, 139)","(52, 69)","(33, 0)","(138, 99)","(119, 139)","(68, 0)","(68, 12)","(133, 104)","(70, 68)","(62, 69)","(68, 8)","(64, 34)","(68, 103)","(138, 93)","(103, 164)","(0, 104)","(12, 104)","(70, 68)","(68, 16)","(103, 152)","(138, 121)","(172, 69)","(33, 4)"
64,"(103, 64)","(103, 156)","(128, 139)","(168, 69)","(96, 34)","(138, 172)","(138, 77)","(113, 104)","(142, 34)","(103, 160)","(103, 172)","(103, 64)","(103, 168)","(172, 69)","(70, 68)","(39, 139)","(33, 66)","(68, 103)","(68, 4)","(48, 139)","(33, 129)","(33, 122)","(60, 139)","(4, 104)","(8, 104)","(16, 104)","(69, 136)","(43, 139)","(54, 69)","(33, 0)","(138, 100)","(117, 139)","(68, 0)","(68, 12)","(131, 104)","(70, 68)","(64, 69)","(68, 8)","(65, 34)","(68, 103)","(138, 95)","(103, 164)","(0, 104)","(12, 104)","(70, 68)","(68, 16)","(103, 152)","(138, 122)","(172, 69)","(33, 4)"
65,"(103, 64)","(103, 156)","(127, 139)","(169, 69)","(98, 34)","(138, 172)","(138, 78)","(111, 104)","(144, 34)","(103, 160)","(103, 172)","(103, 64)","(103, 168)","(172, 69)","(70, 68)","(38, 139)","(33, 64)","(68, 103)","(68, 4)","(47, 139)","(33, 128)","(33, 121)","(58, 139)","(4, 104)","(8, 104)","(16, 104)","(69, 134)","(42, 139)","(55, 69)","(33, 0)","(138, 101)","(116, 139)","(68, 0)","(68, 12)","(129, 104)","(70, 68)","(64, 69)","(68, 8)","(65, 34)","(68, 103)","(138, 96)","(103, 164)","(0, 104)","(12, 104)","(70, 68)","(68, 16)","(103, 152)","(138, 122)","(172, 69)","(33, 4)"
66,"(103, 64)","(103, 156)","(126, 139)","(169, 69)","(98, 34)","(138, 172)","(138, 79)","(109, 104)","(145, 34)","(103, 160)","(103, 172)","(103, 64)","(103, 168)","(172, 69)","(70, 68)","(38, 139)","(33, 62)","(68, 103)","(68, 4)","(46, 139)","(33, 128)","(33, 120)","(58, 139)","(4, 104)","(8, 104)","(16, 104)","(69, 132)","(42, 139)","(55, 69)","(33, 0)","(138, 101)","(114, 139)","(68, 0)","(68, 12)","(127, 104)","(70, 68)","(65, 69)","(68, 8)","(66, 34)","(68, 103)","(138, 97)","(103, 164)","(0, 104)","(12, 104)","(70, 68)","(68, 16)","(103, 152)","(138, 124)","(172, 69)","(33, 4)"
67,"(103, 64)","(103, 156)","(126, 139)","(171, 69)","(99, 34)","(138, 172)","(138, 80)","(107, 104)","(147, 34)","(103, 160)","(103, 172)","(103, 64)","(103, 168)","(172, 69)","(70, 68)","(37, 139)","(33, 60)","(68, 103)","(68, 4)","(46, 139)","(33, 127)","(33, 119)","(58, 139)","(4, 104)","(8, 104)","(16, 104)","(69, 130)","(41, 139)","(57, 69)","(33, 0)","(138, 102)","(112, 139)","(68, 0)","(68, 12)","(125, 104)","(70, 68)","(67, 69)","(68, 8)","(66, 34)","(68, 103)","(138, 98)","(103, 164)","(0, 104)","(12, 104)","(70, 68)","(68, 16)","(103, 152)","(138, 124)","(172, 69)","(33, 4)"
68,"(103, 64)","(103, 156)","(125, 139)","(172, 69)","(100, 34)","(138, 172)","(138, 81)","(105, 104)","(148, 34)","(103, 160)","(103, 172)","(103, 64)","(103, 168)","(172, 69)","(70, 68)","(37, 139)","(33, 59)","(68, 103)","(68, 4)","(45, 139)","(33, 125)","(33, 119)","(56, 139)","(4, 104)","(8, 104)","(16, 104)","(69, 128)","(41, 139)","(57, 69)","(33, 0)","(138, 103)","(112, 139)","(68, 0)","(68, 12)","(123, 104)","(70, 68)","(69, 69)","(68, 8)","(67, 34)","(68, 103)","(138, 99)","(103, 164)","(0, 104)","(12, 104)","(70, 68)","(68, 16)","(103, 152)","(138, 125)","(172, 69)","(33, 4)"
69,"(103, 64)","(103, 156)","(124, 139)","(172, 69)","(100, 34)","(138, 172)","(138, 82)","(104, 105)","(148, 34)","(103, 160)","(103, 172)","(103, 64)","(103, 168)","(172, 69)","(70, 68)","(36, 139)","(33, 57)","(68, 103)","(68, 4)","(45, 139)","(33, 124)","(33, 117)","(56, 139)","(4, 104)","(8, 104)","(16, 104)","(69, 126)","(41, 139)","(58, 69)","(33, 0)","(136, 103)","(112, 139)","(68, 0)","(68, 12)","(121, 104)","(70, 68)","(69, 67)","(68, 8)","(69, 34)","(68, 103)","(138, 99)","(103, 164)","(0, 104)","(12, 104)","(70, 68)","(68, 16)","(103, 152)","(138, 126)","(172, 69)","(33, 4)"
70,"(103, 64)","(103, 156)","(123, 139)","(172, 69)","(101, 34)","(138, 172)","(138, 82)","(104, 107)","(150, 34)","(103, 160)","(103, 172)","(103, 64)","(103, 168)","(172, 69)","(70, 68)","(34, 139)","(33, 56)","(68, 103)","(68, 4)","(45, 139)","(33, 124)","(33, 115)","(54, 139)","(4, 104)","(8, 104)","(16, 104)","(69, 124)","(41, 139)","(58, 69)","(33, 0)","(134, 103)","(110, 139)","(68, 0)","(68, 12)","(119, 104)","(70, 68)","(68, 67)","(68, 8)","(71, 34)","(68, 103)","(138, 99)","(103, 164)","(0, 104)","(12, 104)","(70, 68)","(68, 16)","(103, 152)","(138, 126)","(172, 69)","(33, 4)"
71,"(103, 64)","(103, 156)","(123, 139)","(172, 69)","(101, 34)","(138, 172)","(138, 84)","(104, 109)","(151, 34)","(103, 160)","(103, 172)","(103, 64)","(103, 168)","(172, 69)","(70, 68)","(32, 139)","(33, 54)","(68, 103)","(68, 4)","(45, 139)","(33, 122)","(33, 115)","(52, 139)","(4, 104)","(8, 104)","(16, 104)","(69, 122)","(41, 139)","(58, 69)","(33, 0)","(132, 103)","(109, 139)","(68, 0)","(68, 12)","(117, 104)","(70, 68)","(68, 65)","(68, 8)","(73, 34)","(68, 103)","(138, 100)","(103, 164)","(0, 104)","(12, 104)","(70, 68)","(68, 16)","(103, 152)","(138, 128)","(172, 69)","(33, 4)"
72,"(103, 64)","(103, 156)","(123, 139)","(172, 69)","(101, 34)","(138, 172)","(138, 84)","(104, 111)","(152, 34)","(103, 160)","(103, 172)","(103, 64)","(103, 168)","(172, 69)","(70, 68)","(31, 139)","(33, 53)","(68, 103)","(68, 4)","(45, 139)","(33, 122)","(33, 114)","(51, 139)","(4, 104)","(8, 104)","(16, 104)","(69, 120)","(41, 139)","(59, 69)","(33, 0)","(130, 103)","(108, 139)","(68, 0)","(68, 12)","(115, 104)","(70, 68)","(68, 63)","(68, 8)","(73, 34)","(68, 103)","(138, 100)","(103, 164)","(0, 104)","(12, 104)","(70, 68)","(68, 16)","(103, 152)","(138, 129)","(172, 69)","(33, 4)"
73,"(103, 64)","(103, 156)","(121, 139)","(172, 69)","(102, 34)","(138, 172)","(138, 84)","(104, 113)","(154, 34)","(103, 160)","(103, 172)","(103, 64)","(103, 168)","(172, 69)","(70, 68)","(31, 139)","(33, 52)","(68, 103)","(68, 4)","(45, 139)","(33, 122)","(33, 112)","(50, 139)","(4, 104)","(8, 104)","(16, 104)","(69, 118)","(41, 139)","(59, 69)","(33, 0)","(128, 103)","(107, 139)","(68, 0)","(68, 12)","(113, 104)","(70, 68)","(68, 61)","(68, 8)","(74, 34)","(68, 103)","(138, 100)","(103, 164)","(0, 104)","(12, 104)","(70, 68)","(68, 16)","(103, 152)","(138, 130)","(172, 69)","(33, 4)"
74,"(103, 64)","(103, 156)","(121, 139)","(172, 69)","(104, 34)","(138, 172)","(138, 86)","(104, 115)","(154, 34)","(103, 160)","(103, 172)","(103, 64)","(103, 168)","(172, 69)","(70, 68)","(30, 139)","(33, 52)","(68, 103)","(68, 4)","(45, 139)","(33, 121)","(33, 111)","(49, 139)","(4, 104)","(8, 104)","(16, 104)","(69, 116)","(40, 139)","(61, 69)","(33, 0)","(126, 103)","(106, 139)","(68, 0)","(68, 12)","(111, 104)","(70, 68)","(68, 59)","(68, 8)","(75, 34)","(68, 103)","(138, 102)","(103, 164)","(0, 104)","(12, 104)","(70, 68)","(68, 16)","(103, 152)","(138, 132)","(172, 69)","(33, 4)"
75,"(103, 64)","(103, 156)","(120, 139)","(172, 69)","(106, 34)","(138, 172)","(138, 88)","(104, 117)","(155, 34)","(103, 160)","(103, 172)","(103, 64)","(103, 168)","(172, 69)","(70, 68)","(30, 139)","(33, 51)","(68, 103)","(68, 4)","(43, 139)","(33, 119)","(33, 110)","(48, 139)","(4, 104)","(8, 104)","(16, 104)","(69, 114)","(39, 139)","(63, 69)","(33, 0)","(124, 103)","(106, 139)","(68, 0)","(68, 12)","(109, 104)","(70, 68)","(68, 57)","(68, 8)","(76, 34)","(68, 103)","(137, 103)","(103, 164)","(0, 104)","(12, 104)","(70, 68)","(68, 16)","(103, 152)","(138, 132)","(172, 69)","(33, 4)"
76,"(103, 64)","(103, 156)","(118, 139)","(172, 69)","(107, 34)","(138, 172)","(138, 90)","(104, 119)","(156, 34)","(103, 160)","(103, 172)","(103, 64)","(103, 168)","(172, 69)","(70, 68)","(29, 139)","(33, 51)","(68, 103)","(68, 4)","(43, 139)","(33, 118)","(33, 108)","(48, 139)","(4, 104)","(8, 104)","(16, 104)","(69, 112)","(39, 139)","(64, 69)","(33, 0)","(122, 103)","(104, 139)","(68, 0)","(68, 12)","(107, 104)","(70, 68)","(68, 55)","(68, 8)","(77, 34)","(68, 103)","(135, 103)","(103, 164)","(0, 104)","(12, 104)","(70, 68)","(68, 16)","(103, 152)","(138, 133)","(172, 69)","(33, 4)"
77,"(103, 64)","(103, 156)","(116, 139)","(172, 69)","(108, 34)","(138, 172)","(138, 90)","(104, 121)","(157, 34)","(103, 160)","(103, 172)","(103, 64)","(103, 168)","(172, 69)","(70, 68)","(29, 139)","(33, 50)","(68, 103)","(68, 4)","(43, 139)","(33, 118)","(33, 107)","(47, 139)","(4, 104)","(8, 104)","(16, 104)","(69, 110)","(38, 139)","(66, 69)","(33, 0)","(120, 103)","(102, 139)","(68, 0)","(68, 12)","(105, 104)","(70, 68)","(68, 53)","(68, 8)","(78, 34)","(68, 103)","(133, 103)","(103, 164)","(0, 104)","(12, 104)","(70, 68)","(68, 16)","(103, 152)","(138, 135)","(172, 69)","(33, 4)"
78,"(103, 64)","(103, 156)","(114, 139)","(172, 69)","(110, 34)","(138, 172)","(138, 90)","(104, 123)","(157, 34)","(103, 160)","(103, 172)","(103, 64)","(103, 168)","(172, 69)","(70, 68)","(27, 139)","(33, 48)","(68, 103)","(68, 4)","(42, 139)","(33, 116)","(33, 107)","(46, 139)","(4, 104)","(8, 104)","(16, 104)","(69, 108)","(38, 139)","(68, 69)","(33, 0)","(118, 103)","(102, 139)","(68, 0)","(68, 12)","(104, 105)","(70, 68)","(68, 51)","(68, 8)","(79, 34)","(68, 103)","(131, 103)","(103, 164)","(0, 104)","(12, 104)","(70, 68)","(68, 16)","(103, 152)","(138, 137)","(172, 69)","(33, 4)"
79,"(103, 64)","(103, 156)","(113, 139)","(172, 69)","(112, 34)","(138, 172)","(138, 90)","(104, 125)","(159, 34)","(103, 160)","(103, 172)","(103, 64)","(103, 168)","(172, 69)","(70, 68)","(26, 139)","(33, 47)","(68, 103)","(68, 4)","(42, 139)","(33, 114)","(33, 106)","(46, 139)","(4, 104)","(8, 104)","(16, 104)","(69, 106)","(38, 139)","(68, 67)","(33, 0)","(116, 103)","(100, 139)","(68, 0)","(68, 12)","(104, 107)","(70, 68)","(68, 49)","(68, 8)","(80, 34)","(68, 103)","(129, 103)","(103, 164)","(0, 104)","(12, 104)","(70, 68)","(68, 16)","(103, 152)","(138, 139)","(172, 69)","(33, 4)"
80,"(103, 64)","(103, 156)","(113, 139)","(172, 69)","(113, 34)","(138, 172)","(138, 91)","(104, 127)","(160, 34)","(103, 160)","(103, 172)","(103, 64)","(103, 168)","(172, 69)","(70, 68)","(25, 139)","(33, 45)","(68, 103)","(68, 4)","(42, 139)","(33, 113)","(33, 104)","(46, 139)","(4, 104)","(8, 104)","(16, 104)","(69, 104)","(37, 139)","(68, 65)","(33, 0)","(114, 103)","(100, 139)","(68, 0)","(68, 12)","(104, 109)","(70, 68)","(68, 47)","(68, 8)","(80, 34)","(68, 103)","(127, 103)","(103, 164)","(0, 104)","(12, 104)","(70, 68)","(68, 16)","(103, 152)","(138, 141)","(172, 69)","(33, 4)"
81,"(103, 64)","(103, 156)","(112, 139)","(172, 69)","(115, 34)","(138, 172)","(138, 92)","(104, 129)","(162, 34)","(103, 160)","(103, 172)","(103, 64)","(103, 168)","(172, 69)","(70, 68)","(23, 139)","(33, 44)","(68, 103)","(68, 4)","(41, 139)","(33, 111)","(33, 102)","(45, 139)","(4, 104)","(8, 104)","(16, 104)","(69, 102)","(37, 139)","(68, 63)","(33, 0)","(112, 103)","(99, 139)","(68, 0)","(68, 12)","(104, 111)","(70, 68)","(68, 45)","(68, 8)","(81, 34)","(68, 103)","(125, 103)","(103, 164)","(0, 104)","(12, 104)","(70, 68)","(68, 16)","(103, 152)","(138, 142)","(172, 69)","(33, 4)"
82,"(103, 64)","(103, 156)","(110, 139)","(172, 69)","(115, 34)","(138, 172)","(138, 93)","(104, 131)","(164, 34)","(103, 160)","(103, 172)","(103, 64)","(103, 168)","(172, 69)","(70, 68)","(23, 139)","(33, 42)","(68, 103)","(68, 4)","(41, 139)","(33, 111)","(33, 101)","(45, 139)","(4, 104)","(8, 104)","(16, 104)","(69, 103)","(37, 139)","(68, 61)","(33, 0)","(110, 103)","(97, 139)","(68, 0)","(68, 12)","(104, 113)","(70, 68)","(68, 43)","(68, 8)","(82, 34)","(68, 103)","(123, 103)","(103, 164)","(0, 104)","(12, 104)","(70, 68)","(68, 16)","(103, 152)","(138, 142)","(172, 69)","(33, 4)"
83,"(103, 64)","(103, 156)","(108, 139)","(172, 69)","(117, 34)","(138, 172)","(138, 94)","(104, 133)","(166, 34)","(103, 160)","(103, 172)","(103, 64)","(103, 168)","(172, 69)","(70, 68)","(21, 139)","(33, 40)","(68, 103)","(68, 4)","(41, 139)","(33, 110)","(33, 100)","(45, 139)","(4, 104)","(8, 104)","(16, 104)","(69, 103)","(36, 139)","(68, 59)","(33, 0)","(108, 103)","(96, 139)","(68, 0)","(68, 12)","(104, 115)","(70, 68)","(68, 41)","(68, 8)","(82, 34)","(68, 103)","(121, 103)","(103, 164)","(0, 104)","(12, 104)","(70, 68)","(68, 16)","(103, 152)","(138, 142)","(172, 69)","(33, 4)"
84,"(103, 64)","(103, 156)","(107, 139)","(172, 69)","(117, 34)","(138, 172)","(138, 95)","(104, 135)","(167, 34)","(103, 160)","(103, 172)","(103, 64)","(103, 168)","(172, 69)","(70, 68)","(20, 139)","(33, 39)","(68, 103)","(68, 4)","(41, 139)","(33, 109)","(33, 98)","(45, 139)","(4, 104)","(8, 104)","(16, 104)","(69, 103)","(36, 139)","(68, 57)","(33, 0)","(106, 103)","(95, 139)","(68, 0)","(68, 12)","(104, 117)","(70, 68)","(68, 39)","(68, 8)","(82, 34)","(68, 103)","(119, 103)","(103, 164)","(0, 104)","(12, 104)","(70, 68)","(68, 16)","(103, 152)","(138, 142)","(172, 69)","(33, 4)"
85,"(103, 64)","(103, 156)","(107, 139)","(172, 69)","(117, 34)","(138, 172)","(138, 96)","(104, 137)","(168, 34)","(103, 160)","(103, 172)","(103, 64)","(103, 168)","(172, 69)","(70, 68)","(19, 139)","(33, 38)","(68, 103)","(68, 4)","(40, 139)","(33, 109)","(33, 98)","(44, 139)","(4, 104)","(8, 104)","(16, 104)","(69, 103)","(34, 139)","(68, 55)","(33, 0)","(104, 102)","(94, 139)","(68, 0)","(68, 12)","(104, 119)","(70, 68)","(68, 37)","(68, 8)","(82, 34)","(68, 103)","(117, 103)","(103, 164)","(0, 104)","(12, 104)","(70, 68)","(68, 16)","(103, 152)","(138, 143)","(172, 69)","(33, 4)"
86,"(103, 64)","(103, 156)","(106, 139)","(172, 69)","(118, 34)","(138, 172)","(138, 96)","(103, 138)","(170, 34)","(103, 160)","(103, 172)","(103, 64)","(103, 168)","(172, 69)","(70, 68)","(18, 139)","(33, 38)","(68, 103)","(68, 4)","(39, 139)","(33, 107)","(33, 96)","(43, 139)","(4, 104)","(8, 104)","(16, 104)","(69, 103)","(32, 139)","(68, 53)","(33, 0)","(104, 100)","(93, 139)","(68, 0)","(68, 12)","(104, 121)","(70, 68)","(68, 35)","(68, 8)","(82, 34)","(68, 103)","(115, 103)","(103, 164)","(0, 104)","(12, 104)","(70, 68)","(68, 16)","(103, 152)","(138, 144)","(172, 69)","(33, 4)"
87,"(103, 64)","(103, 156)","(106, 139)","(172, 69)","(119, 34)","(138, 172)","(138, 97)","(102, 139)","(171, 34)","(103, 160)","(103, 172)","(103, 64)","(103, 168)","(172, 69)","(70, 68)","(18, 139)","(33, 36)","(68, 103)","(68, 4)","(38, 139)","(33, 106)","(33, 96)","(42, 139)","(4, 104)","(8, 104)","(16, 104)","(69, 103)","(31, 139)","(68, 51)","(33, 0)","(104, 98)","(93, 139)","(68, 0)","(68, 12)","(104, 123)","(70, 68)","(68, 33)","(68, 8)","(84, 34)","(68, 103)","(113, 103)","(103, 164)","(0, 104)","(12, 104)","(70, 68)","(68, 16)","(103, 152)","(138, 145)","(172, 69)","(33, 4)"
88,"(103, 64)","(103, 156)","(105, 139)","(172, 69)","(120, 34)","(138, 172)","(138, 98)","(100, 139)","(172, 34)","(103, 160)","(103, 172)","(103, 64)","(103, 168)","(172, 69)","(70, 68)","(17, 139)","(33, 34)","(68, 103)","(68, 4)","(36, 139)","(33, 105)","(33, 94)","(41, 139)","(4, 104)","(8, 104)","(16, 104)","(69, 103)","(30, 139)","(68, 49)","(33, 0)","(104, 96)","(91, 139)","(68, 0)","(68, 12)","(104, 125)","(70, 68)","(70, 33)","(68, 8)","(86, 34)","(68, 103)","(111, 103)","(103, 164)","(0, 104)","(12, 104)","(70, 68)","(68, 16)","(103, 152)","(138, 145)","(172, 69)","(33, 4)"
89,"(103, 64)","(103, 156)","(104, 139)","(172, 69)","(122, 34)","(138, 172)","(138, 100)","(99, 139)","(172, 34)","(103, 160)","(103, 172)","(103, 64)","(103, 168)","(172, 69)","(70, 68)","(16, 139)","(33, 32)","(68, 103)","(68, 4)","(36, 139)","(33, 104)","(33, 93)","(40, 139)","(4, 104)","(8, 104)","(16, 104)","(69, 103)","(29, 139)","(68, 47)","(33, 0)","(104, 94)","(90, 139)","(68, 0)","(68, 12)","(104, 127)","(70, 68)","(71, 34)","(68, 8)","(88, 34)","(68, 103)","(109, 103)","(103, 164)","(0, 104)","(12, 104)","(70, 68)","(68, 16)","(103, 152)","(138, 146)","(172, 69)","(33, 4)"
90,"(103, 64)","(103, 156)","(103, 140)","(172, 69)","(123, 34)","(138, 172)","(138, 100)","(99, 139)","(172, 34)","(103, 160)","(103, 172)","(103, 64)","(103, 168)","(172, 69)","(70, 68)","(15, 139)","(33, 30)","(68, 103)","(68, 4)","(35, 139)","(31, 104)","(33, 92)","(39, 139)","(4, 104)","(8, 104)","(16, 104)","(69, 102)","(27, 139)","(68, 45)","(33, 0)","(104, 92)","(89, 139)","(68, 0)","(68, 12)","(104, 129)","(70, 68)","(73, 34)","(68, 8)","(89, 34)","(68, 103)","(107, 103)","(103, 164)","(0, 104)","(12, 104)","(70, 68)","(68, 16)","(103, 152)","(138, 148)","(172, 69)","(33, 4)"
91,"(103, 64)","(103, 156)","(103, 140)","(172, 69)","(123, 34)","(138, 172)","(138, 101)","(98, 139)","(172, 34)","(103, 160)","(103, 172)","(103, 64)","(103, 168)","(172, 69)","(70, 68)","(13, 139)","(33, 28)","(68, 103)","(68, 4)","(33, 139)","(30, 104)","(33, 91)","(38, 139)","(4, 104)","(8, 104)","(16, 104)","(69, 102)","(27, 139)","(68, 43)","(33, 0)","(104, 90)","(88, 139)","(68, 0)","(68, 12)","(104, 131)","(70, 68)","(74, 34)","(68, 8)","(90, 34)","(68, 103)","(105, 103)","(103, 164)","(0, 104)","(12, 104)","(70, 68)","(68, 16)","(103, 152)","(138, 148)","(172, 69)","(33, 4)"
92,"(103, 64)","(103, 156)","(103, 142)","(172, 69)","(125, 34)","(138, 172)","(138, 101)","(98, 139)","(172, 34)","(103, 160)","(103, 172)","(103, 64)","(103, 168)","(172, 69)","(70, 68)","(12, 139)","(33, 27)","(68, 103)","(68, 4)","(33, 137)","(29, 104)","(33, 90)","(37, 139)","(4, 104)","(8, 104)","(16, 104)","(69, 102)","(26, 139)","(68, 41)","(33, 0)","(104, 88)","(87, 139)","(68, 0)","(68, 12)","(104, 133)","(70, 68)","(76, 34)","(68, 8)","(91, 34)","(68, 103)","(104, 104)","(103, 164)","(0, 104)","(12, 104)","(70, 68)","(68, 16)","(103, 152)","(138, 149)","(172, 69)","(33, 4)"
93,"(103, 64)","(103, 156)","(103, 143)","(172, 69)","(125, 34)","(138, 172)","(138, 102)","(97, 139)","(172, 34)","(103, 160)","(103, 172)","(103, 64)","(103, 168)","(172, 69)","(70, 68)","(12, 139)","(33, 25)","(68, 103)","(68, 4)","(33, 136)","(28, 104)","(33, 88)","(35, 139)","(4, 104)","(8, 104)","(16, 104)","(69, 103)","(26, 139)","(68, 39)","(33, 0)","(104, 86)","(87, 139)","(68, 0)","(68, 12)","(104, 135)","(70, 68)","(77, 34)","(68, 8)","(92, 34)","(68, 103)","(103, 105)","(103, 164)","(0, 104)","(12, 104)","(70, 68)","(68, 16)","(103, 152)","(138, 150)","(172, 69)","(33, 4)"
94,"(103, 64)","(103, 156)","(103, 144)","(172, 69)","(126, 34)","(138, 172)","(138, 104)","(97, 139)","(172, 34)","(103, 160)","(103, 172)","(103, 64)","(103, 168)","(172, 69)","(70, 68)","(12, 139)","(33, 24)","(68, 103)","(68, 4)","(33, 134)","(28, 104)","(33, 87)","(34, 138)","(4, 104)","(8, 104)","(16, 104)","(69, 103)","(26, 139)","(68, 37)","(33, 0)","(104, 84)","(87, 139)","(68, 0)","(68, 12)","(104, 137)","(70, 68)","(78, 34)","(68, 8)","(93, 34)","(68, 103)","(103, 107)","(103, 164)","(0, 104)","(12, 104)","(70, 68)","(68, 16)","(103, 152)","(138, 150)","(172, 69)","(33, 4)"
95,"(103, 64)","(103, 156)","(103, 145)","(172, 69)","(126, 34)","(138, 172)","(138, 106)","(96, 139)","(172, 34)","(103, 160)","(103, 172)","(103, 64)","(103, 168)","(172, 69)","(70, 68)","(11, 139)","(33, 23)","(68, 103)","(68, 4)","(33, 134)","(28, 104)","(33, 86)","(32, 138)","(4, 104)","(8, 104)","(16, 104)","(69, 103)","(25, 139)","(68, 35)","(33, 0)","(104, 82)","(86, 139)","(68, 0)","(68, 12)","(104, 139)","(70, 68)","(78, 34)","(68, 8)","(93, 34)","(68, 103)","(103, 109)","(103, 164)","(0, 104)","(12, 104)","(70, 68)","(68, 16)","(103, 152)","(138, 152)","(172, 69)","(33, 4)"
96,"(103, 64)","(103, 156)","(103, 146)","(172, 69)","(127, 34)","(138, 172)","(138, 106)","(94, 139)","(172, 34)","(103, 160)","(103, 172)","(103, 64)","(103, 168)","(172, 69)","(70, 68)","(9, 139)","(33, 22)","(68, 103)","(68, 4)","(33, 133)","(27, 104)","(33, 86)","(30, 138)","(4, 104)","(8, 104)","(16, 104)","(69, 102)","(24, 139)","(68, 33)","(33, 0)","(104, 80)","(86, 139)","(68, 0)","(68, 12)","(103, 140)","(70, 68)","(79, 34)","(68, 8)","(94, 34)","(68, 103)","(103, 111)","(103, 164)","(0, 104)","(12, 104)","(70, 68)","(68, 16)","(103, 152)","(138, 153)","(172, 69)","(33, 4)"
97,"(103, 64)","(103, 156)","(103, 148)","(172, 69)","(128, 34)","(138, 172)","(138, 106)","(93, 139)","(172, 34)","(103, 160)","(103, 172)","(103, 64)","(103, 168)","(172, 69)","(70, 68)","(8, 139)","(33, 20)","(68, 103)","(68, 4)","(33, 132)","(26, 104)","(33, 85)","(29, 139)","(4, 104)","(8, 104)","(16, 104)","(69, 102)","(22, 139)","(70, 33)","(33, 0)","(104, 78)","(86, 139)","(68, 0)","(68, 12)","(103, 141)","(70, 68)","(80, 34)","(68, 8)","(95, 34)","(68, 103)","(103, 113)","(103, 164)","(0, 104)","(12, 104)","(70, 68)","(68, 16)","(103, 152)","(138, 154)","(172, 69)","(33, 4)"
98,"(103, 64)","(103, 156)","(103, 148)","(172, 69)","(128, 34)","(138, 172)","(138, 107)","(93, 139)","(172, 34)","(103, 160)","(103, 172)","(103, 64)","(103, 168)","(172, 69)","(70, 68)","(7, 139)","(33, 19)","(68, 103)","(68, 4)","(33, 130)","(26, 104)","(33, 83)","(27, 139)","(4, 104)","(8, 104)","(16, 104)","(69, 102)","(20, 139)","(71, 34)","(33, 0)","(104, 76)","(86, 139)","(68, 0)","(68, 12)","(103, 141)","(70, 68)","(81, 34)","(68, 8)","(97, 34)","(68, 103)","(103, 115)","(103, 164)","(0, 104)","(12, 104)","(70, 68)","(68, 16)","(103, 152)","(138, 154)","(172, 69)","(33, 4)"
99,"(103, 64)","(103, 156)","(103, 148)","(172, 69)","(129, 34)","(138, 172)","(138, 108)","(91, 139)","(172, 34)","(103, 160)","(103, 172)","(103, 64)","(103, 168)","(172, 69)","(70, 68)","(6, 139)","(33, 18)","(68, 103)","(68, 4)","(33, 129)","(25, 104)","(33, 82)","(26, 139)","(4, 104)","(8, 104)","(16, 104)","(69, 103)","(19, 139)","(71, 34)","(33, 0)","(104, 74)","(85, 139)","(68, 0)","(68, 12)","(103, 142)","(70, 68)","(81, 34)","(68, 8)","(97, 34)","(68, 103)","(103, 117)","(103, 164)","(0, 104)","(12, 104)","(70, 68)","(68, 16)","(103, 152)","(138, 156)","(172, 69)","(33, 4)"
100,"(103, 64)","(103, 156)","(103, 148)","(172, 69)","(130, 34)","(138, 172)","(138, 108)","(91, 139)","(172, 34)","(103, 160)","(103, 172)","(103, 64)","(103, 168)","(172, 69)","(70, 68)","(4, 139)","(33, 16)","(68, 103)","(68, 4)","(33, 127)","(24, 104)","(33, 81)","(26, 139)","(4, 104)","(8, 104)","(16, 104)","(69, 102)","(17, 139)","(71, 34)","(33, 0)","(104, 72)","(83, 139)","(68, 0)","(68, 12)","(103, 143)","(70, 68)","(83, 34)","(68, 8)","(98, 34)","(68, 103)","(103, 119)","(103, 164)","(0, 104)","(12, 104)","(70, 68)","(68, 16)","(103, 152)","(138, 158)","(172, 69)","(33, 4)"
101,"(103, 64)","(103, 156)","(103, 148)","(172, 69)","(131, 34)","(138, 172)","(138, 110)","(90, 139)","(172, 34)","(103, 160)","(103, 172)","(103, 64)","(103, 168)","(172, 69)","(70, 68)","(4, 139)","(33, 15)","(68, 103)","(68, 4)","(33, 126)","(22, 104)","(33, 79)","(25, 139)","(4, 104)","(8, 104)","(16, 104)","(69, 102)","(17, 139)","(71, 34)","(33, 0)","(104, 70)","(81, 139)","(68, 0)","(68, 12)","(103, 144)","(70, 68)","(84, 34)","(68, 8)","(99, 34)","(68, 103)","(103, 121)","(103, 164)","(0, 104)","(12, 104)","(70, 68)","(68, 16)","(103, 152)","(138, 159)","(172, 69)","(33, 4)"
102,"(103, 64)","(103, 156)","(103, 148)","(172, 69)","(132, 34)","(138, 172)","(138, 111)","(90, 139)","(172, 34)","(103, 160)","(103, 172)","(103, 64)","(103, 168)","(172, 69)","(70, 68)","(4, 139)","(33, 13)","(68, 103)","(68, 4)","(33, 126)","(21, 104)","(33, 78)","(25, 139)","(4, 104)","(8, 104)","(16, 104)","(69, 102)","(16, 139)","(73, 34)","(33, 0)","(103, 69)","(81, 139)","(68, 0)","(68, 12)","(103, 144)","(70, 68)","(86, 34)","(68, 8)","(99, 34)","(68, 103)","(103, 123)","(103, 164)","(0, 104)","(12, 104)","(70, 68)","(68, 16)","(103, 152)","(138, 161)","(172, 69)","(33, 4)"
103,"(103, 64)","(103, 156)","(103, 148)","(172, 69)","(133, 34)","(138, 172)","(138, 112)","(89, 139)","(172, 34)","(103, 160)","(103, 172)","(103, 64)","(103, 168)","(172, 69)","(70, 68)","(3, 139)","(33, 12)","(68, 103)","(68, 4)","(33, 125)","(20, 104)","(33, 77)","(23, 139)","(4, 104)","(8, 104)","(16, 104)","(69, 102)","(15, 139)","(73, 34)","(33, 0)","(105, 69)","(80, 139)","(68, 0)","(68, 12)","(103, 144)","(70, 68)","(87, 34)","(68, 8)","(99, 34)","(68, 103)","(103, 125)","(103, 164)","(0, 104)","(12, 104)","(70, 68)","(68, 16)","(103, 152)","(138, 163)","(172, 69)","(33, 4)"
104,"(103, 64)","(103, 156)","(103, 148)","(172, 69)","(134, 34)","(138, 172)","(138, 114)","(89, 139)","(172, 34)","(103, 160)","(103, 172)","(103, 64)","(103, 168)","(172, 69)","(70, 68)","(2, 139)","(33, 11)","(68, 103)","(68, 4)","(33, 125)","(20, 104)","(33, 77)","(22, 139)","(4, 104)","(8, 104)","(16, 104)","(69, 103)","(14, 139)","(73, 34)","(33, 0)","(107, 69)","(79, 139)","(68, 0)","(68, 12)","(103, 144)","(70, 68)","(88, 34)","(68, 8)","(101, 34)","(68, 103)","(103, 127)","(103, 164)","(0, 104)","(12, 104)","(70, 68)","(68, 16)","(103, 152)","(138, 164)","(172, 69)","(33, 4)"
105,"(103, 64)","(103, 156)","(103, 148)","(172, 69)","(136, 34)","(138, 172)","(138, 115)","(88, 139)","(172, 34)","(103, 160)","(103, 172)","(103, 64)","(103, 168)","(172, 69)","(70, 68)","(0, 139)","(33, 10)","(68, 103)","(68, 4)","(33, 125)","(20, 104)","(33, 76)","(21, 139)","(4, 104)","(8, 104)","(16, 104)","(69, 103)","(12, 139)","(74, 34)","(33, 0)","(109, 69)","(78, 139)","(68, 0)","(68, 12)","(103, 144)","(70, 68)","(89, 34)","(68, 8)","(102, 34)","(68, 103)","(103, 129)","(103, 164)","(0, 104)","(12, 104)","(70, 68)","(68, 16)","(103, 152)","(138, 165)","(172, 69)","(33, 4)"
106,"(103, 64)","(103, 156)","(103, 148)","(172, 69)","(137, 34)","(138, 172)","(138, 116)","(86, 139)","(172, 34)","(103, 160)","(103, 172)","(103, 64)","(103, 168)","(172, 69)","(70, 68)","(0, 139)","(33, 8)","(68, 103)","(68, 4)","(33, 125)","(20, 104)","(33, 75)","(20, 139)","(4, 104)","(8, 104)","(16, 104)","(69, 103)","(10, 139)","(76, 34)","(33, 0)","(111, 69)","(77, 139)","(68, 0)","(68, 12)","(103, 144)","(70, 68)","(90, 34)","(68, 8)","(103, 35)","(68, 103)","(103, 131)","(103, 164)","(0, 104)","(12, 104)","(70, 68)","(68, 16)","(103, 152)","(138, 166)","(172, 69)","(33, 4)"
107,"(103, 64)","(103, 156)","(103, 148)","(172, 69)","(139, 34)","(138, 172)","(138, 117)","(85, 139)","(172, 34)","(103, 160)","(103, 172)","(103, 64)","(103, 168)","(172, 69)","(70, 68)","(0, 139)","(33, 8)","(68, 103)","(68, 4)","(33, 123)","(20, 104)","(33, 73)","(18, 139)","(4, 104)","(8, 104)","(16, 104)","(69, 103)","(9, 139)","(76, 34)","(33, 0)","(113, 69)","(76, 139)","(68, 0)","(68, 12)","(103, 144)","(70, 68)","(90, 34)","(68, 8)","(103, 37)","(68, 103)","(103, 133)","(103, 164)","(0, 104)","(12, 104)","(70, 68)","(68, 16)","(103, 152)","(138, 167)","(172, 69)","(33, 4)"
108,"(103, 64)","(103, 156)","(103, 148)","(172, 69)","(139, 36)","(138, 172)","(138, 118)","(85, 139)","(172, 34)","(103, 160)","(103, 172)","(103, 64)","(103, 168)","(172, 69)","(70, 68)","(0, 139)","(33, 8)","(68, 103)","(68, 4)","(33, 122)","(20, 104)","(33, 72)","(18, 139)","(4, 104)","(8, 104)","(16, 104)","(69, 102)","(9, 139)","(78, 34)","(33, 0)","(115, 69)","(75, 139)","(68, 0)","(68, 12)","(103, 144)","(70, 68)","(92, 34)","(68, 8)","(103, 39)","(68, 103)","(103, 135)","(103, 164)","(0, 104)","(12, 104)","(70, 68)","(68, 16)","(103, 152)","(138, 168)","(172, 69)","(33, 4)"
109,"(103, 64)","(103, 156)","(103, 148)","(172, 69)","(138, 37)","(138, 172)","(138, 119)","(84, 139)","(172, 34)","(103, 160)","(103, 172)","(103, 64)","(103, 168)","(172, 69)","(70, 68)","(0, 139)","(33, 8)","(68, 103)","(68, 4)","(33, 121)","(20, 104)","(33, 71)","(17, 139)","(4, 104)","(8, 104)","(16, 104)","(69, 102)","(8, 139)","(80, 34)","(33, 0)","(117, 69)","(74, 139)","(68, 0)","(68, 12)","(103, 144)","(70, 68)","(93, 34)","(68, 8)","(103, 39)","(68, 103)","(103, 137)","(103, 164)","(0, 104)","(12, 104)","(70, 68)","(68, 16)","(103, 152)","(138, 168)","(172, 69)","(33, 4)"
110,"(103, 64)","(103, 156)","(103, 148)","(172, 69)","(138, 38)","(138, 172)","(138, 119)","(83, 139)","(172, 34)","(103, 160)","(103, 172)","(103, 64)","(103, 168)","(172, 69)","(70, 68)","(0, 139)","(33, 8)","(68, 103)","(68, 4)","(33, 121)","(20, 104)","(33, 70)","(17, 139)","(4, 104)","(8, 104)","(16, 104)","(69, 102)","(6, 139)","(82, 34)","(33, 0)","(119, 69)","(73, 139)","(68, 0)","(68, 12)","(103, 144)","(70, 68)","(94, 34)","(68, 8)","(103, 41)","(68, 103)","(102, 138)","(103, 164)","(0, 104)","(12, 104)","(70, 68)","(68, 16)","(103, 152)","(138, 168)","(172, 69)","(33, 4)"
111,"(103, 64)","(103, 156)","(103, 148)","(172, 69)","(138, 39)","(138, 172)","(138, 120)","(82, 139)","(172, 34)","(103, 160)","(103, 172)","(103, 64)","(103, 168)","(172, 69)","(70, 68)","(0, 139)","(33, 8)","(68, 103)","(68, 4)","(33, 120)","(20, 104)","(33, 70)","(16, 139)","(4, 104)","(8, 104)","(16, 104)","(69, 103)","(6, 139)","(84, 34)","(33, 0)","(121, 69)","(71, 139)","(68, 0)","(68, 12)","(103, 144)","(70, 68)","(95, 34)","(68, 8)","(103, 41)","(68, 103)","(100, 138)","(103, 164)","(0, 104)","(12, 104)","(70, 68)","(68, 16)","(103, 152)","(138, 168)","(172, 69)","(33, 4)"
112,"(103, 64)","(103, 156)","(103, 148)","(172, 69)","(138, 41)","(138, 172)","(138, 121)","(81, 139)","(172, 34)","(103, 160)","(103, 172)","(103, 64)","(103, 168)","(172, 69)","(70, 68)","(0, 139)","(33, 8)","(68, 103)","(68, 4)","(33, 119)","(20, 104)","(33, 70)","(16, 139)","(4, 104)","(8, 104)","(16, 104)","(69, 103)","(6, 139)","(84, 34)","(33, 0)","(123, 69)","(71, 139)","(68, 0)","(68, 12)","(103, 144)","(70, 68)","(95, 34)","(68, 8)","(103, 41)","(68, 103)","(99, 139)","(103, 164)","(0, 104)","(12, 104)","(70, 68)","(68, 16)","(103, 152)","(138, 168)","(172, 69)","(33, 4)"
113,"(103, 64)","(103, 156)","(103, 148)","(172, 69)","(138, 43)","(138, 172)","(138, 122)","(80, 139)","(172, 34)","(103, 160)","(103, 172)","(103, 64)","(103, 168)","(172, 69)","(70, 68)","(0, 139)","(33, 8)","(68, 103)","(68, 4)","(33, 117)","(20, 104)","(33, 68)","(14, 139)","(4, 104)","(8, 104)","(16, 104)","(69, 103)","(5, 139)","(85, 34)","(33, 0)","(125, 69)","(69, 139)","(68, 0)","(68, 12)","(103, 144)","(70, 68)","(96, 34)","(68, 8)","(103, 43)","(68, 103)","(99, 139)","(103, 164)","(0, 104)","(12, 104)","(70, 68)","(68, 16)","(103, 152)","(138, 168)","(172, 69)","(33, 4)"
114,"(103, 64)","(103, 156)","(103, 148)","(172, 69)","(138, 45)","(138, 172)","(138, 123)","(78, 139)","(172, 34)","(103, 160)","(103, 172)","(103, 64)","(103, 168)","(172, 69)","(70, 68)","(0, 139)","(33, 8)","(68, 103)","(68, 4)","(33, 116)","(20, 104)","(33, 66)","(12, 139)","(4, 104)","(8, 104)","(16, 104)","(69, 103)","(5, 139)","(86, 34)","(33, 0)","(127, 69)","(69, 137)","(68, 0)","(68, 12)","(103, 144)","(70, 68)","(97, 34)","(68, 8)","(103, 43)","(68, 103)","(98, 139)","(103, 164)","(0, 104)","(12, 104)","(70, 68)","(68, 16)","(103, 152)","(138, 168)","(172, 69)","(33, 4)"
115,"(103, 64)","(103, 156)","(103, 148)","(172, 69)","(138, 46)","(138, 172)","(138, 123)","(78, 139)","(172, 34)","(103, 160)","(103, 172)","(103, 64)","(103, 168)","(172, 69)","(70, 68)","(0, 139)","(33, 8)","(68, 103)","(68, 4)","(33, 114)","(20, 104)","(33, 65)","(11, 139)","(4, 104)","(8, 104)","(16, 104)","(69, 103)","(4, 139)","(87, 34)","(33, 0)","(129, 69)","(69, 135)","(68, 0)","(68, 12)","(103, 144)","(70, 68)","(97, 34)","(68, 8)","(103, 44)","(68, 103)","(96, 139)","(103, 164)","(0, 104)","(12, 104)","(70, 68)","(68, 16)","(103, 152)","(138, 168)","(172, 69)","(33, 4)"
116,"(103, 64)","(103, 156)","(103, 148)","(172, 69)","(138, 47)","(138, 172)","(138, 124)","(78, 139)","(172, 34)","(103, 160)","(103, 172)","(103, 64)","(103, 168)","(172, 69)","(70, 68)","(0, 139)","(33, 8)","(68, 103)","(68, 4)","(33, 113)","(20, 104)","(33, 64)","(9, 139)","(4, 104)","(8, 104)","(16, 104)","(69, 102)","(4, 139)","(88, 34)","(33, 0)","(131, 69)","(69, 133)","(68, 0)","(68, 12)","(103, 144)","(70, 68)","(98, 34)","(68, 8)","(103, 45)","(68, 103)","(96, 139)","(103, 164)","(0, 104)","(12, 104)","(70, 68)","(68, 16)","(103, 152)","(138, 168)","(172, 69)","(33, 4)"
117,"(103, 64)","(103, 156)","(103, 148)","(172, 69)","(138, 48)","(138, 172)","(138, 126)","(77, 139)","(172, 34)","(103, 160)","(103, 172)","(103, 64)","(103, 168)","(172, 69)","(70, 68)","(0, 139)","(33, 8)","(68, 103)","(68, 4)","(33, 112)","(20, 104)","(33, 63)","(8, 139)","(4, 104)","(8, 104)","(16, 104)","(69, 103)","(4, 139)","(90, 34)","(33, 0)","(133, 69)","(69, 131)","(68, 0)","(68, 12)","(103, 144)","(70, 68)","(99, 34)","(68, 8)","(103, 47)","(68, 103)","(96, 139)","(103, 164)","(0, 104)","(12, 104)","(70, 68)","(68, 16)","(103, 152)","(138, 168)","(172, 69)","(33, 4)"
118,"(103, 64)","(103, 156)","(103, 148)","(172, 69)","(138, 48)","(138, 172)","(138, 127)","(76, 139)","(172, 34)","(103, 160)","(103, 172)","(103, 64)","(103, 168)","(172, 69)","(70, 68)","(0, 139)","(33, 8)","(68, 103)","(68, 4)","(33, 111)","(20, 104)","(33, 63)","(8, 139)","(4, 104)","(8, 104)","(16, 104)","(69, 103)","(4, 139)","(91, 34)","(33, 0)","(135, 69)","(69, 129)","(68, 0)","(68, 12)","(103, 144)","(70, 68)","(100, 34)","(68, 8)","(103, 49)","(68, 103)","(95, 139)","(103, 164)","(0, 104)","(12, 104)","(70, 68)","(68, 16)","(103, 152)","(138, 168)","(172, 69)","(33, 4)"
119,"(103, 64)","(103, 156)","(103, 148)","(172, 69)","(138, 49)","(138, 172)","(138, 128)","(75, 139)","(172, 34)","(103, 160)","(103, 172)","(103, 64)","(103, 168)","(172, 69)","(70, 68)","(0, 139)","(33, 8)","(68, 103)","(68, 4)","(33, 109)","(20, 104)","(33, 61)","(8, 139)","(4, 104)","(8, 104)","(16, 104)","(69, 102)","(4, 139)","(92, 34)","(33, 0)","(137, 69)","(69, 127)","(68, 0)","(68, 12)","(103, 144)","(70, 68)","(102, 34)","(68, 8)","(103, 51)","(68, 103)","(94, 139)","(103, 164)","(0, 104)","(12, 104)","(70, 68)","(68, 16)","(103, 152)","(138, 168)","(172, 69)","(33, 4)"
120,"(103, 64)","(103, 156)","(103, 148)","(172, 69)","(138, 50)","(138, 172)","(138, 129)","(74, 139)","(172, 34)","(103, 160)","(103, 172)","(103, 64)","(103, 168)","(172, 69)","(70, 68)","(0, 139)","(33, 8)","(68, 103)","(68, 4)","(33, 109)","(20, 104)","(33, 61)","(8, 139)","(4, 104)","(8, 104)","(16, 104)","(69, 102)","(4, 139)","(92, 34)","(33, 0)","(138, 70)","(69, 125)","(68, 0)","(68, 12)","(103, 144)","(70, 68)","(104, 34)","(68, 8)","(103, 53)","(68, 103)","(94, 139)","(103, 164)","(0, 104)","(12, 104)","(70, 68)","(68, 16)","(103, 152)","(138, 168)","(172, 69)","(33, 4)"
121,"(103, 64)","(103, 156)","(103, 148)","(172, 69)","(138, 52)","(138, 172)","(138, 129)","(73, 139)","(172, 34)","(103, 160)","(103, 172)","(103, 64)","(103, 168)","(172, 69)","(70, 68)","(0, 139)","(33, 8)","(68, 103)","(68, 4)","(33, 109)","(20, 104)","(33, 59)","(8, 139)","(4, 104)","(8, 104)","(16, 104)","(69, 103)","(4, 139)","(93, 34)","(33, 0)","(138, 70)","(69, 123)","(68, 0)","(68, 12)","(103, 144)","(70, 68)","(104, 36)","(68, 8)","(103, 55)","(68, 103)","(94, 139)","(103, 164)","(0, 104)","(12, 104)","(70, 68)","(68, 16)","(103, 152)","(138, 168)","(172, 69)","(33, 4)"
122,"(103, 64)","(103, 156)","(103, 148)","(172, 69)","(138, 54)","(138, 172)","(138, 129)","(73, 139)","(172, 34)","(103, 160)","(103, 172)","(103, 64)","(103, 168)","(172, 69)","(70, 68)","(0, 139)","(33, 8)","(68, 103)","(68, 4)","(33, 109)","(20, 104)","(33, 57)","(8, 139)","(4, 104)","(8, 104)","(16, 104)","(69, 102)","(4, 139)","(94, 34)","(33, 0)","(138, 70)","(69, 121)","(68, 0)","(68, 12)","(103, 144)","(70, 68)","(104, 38)","(68, 8)","(103, 57)","(68, 103)","(92, 139)","(103, 164)","(0, 104)","(12, 104)","(70, 68)","(68, 16)","(103, 152)","(138, 168)","(172, 69)","(33, 4)"
123,"(103, 64)","(103, 156)","(103, 148)","(172, 69)","(138, 55)","(138, 172)","(138, 131)","(72, 139)","(172, 34)","(103, 160)","(103, 172)","(103, 64)","(103, 168)","(172, 69)","(70, 68)","(0, 139)","(33, 8)","(68, 103)","(68, 4)","(33, 107)","(20, 104)","(33, 55)","(8, 139)","(4, 104)","(8, 104)","(16, 104)","(69, 102)","(4, 139)","(95, 34)","(33, 0)","(138, 71)","(69, 119)","(68, 0)","(68, 12)","(103, 144)","(70, 68)","(104, 40)","(68, 8)","(103, 59)","(68, 103)","(92, 139)","(103, 164)","(0, 104)","(12, 104)","(70, 68)","(68, 16)","(103, 152)","(138, 168)","(172, 69)","(33, 4)"
124,"(103, 64)","(103, 156)","(103, 148)","(172, 69)","(138, 57)","(138, 172)","(138, 133)","(71, 139)","(172, 34)","(103, 160)","(103, 172)","(103, 64)","(103, 168)","(172, 69)","(70, 68)","(0, 139)","(33, 8)","(68, 103)","(68, 4)","(33, 105)","(20, 104)","(33, 53)","(8, 139)","(4, 104)","(8, 104)","(16, 104)","(69, 102)","(4, 139)","(96, 34)","(33, 0)","(138, 73)","(69, 117)","(68, 0)","(68, 12)","(103, 144)","(70, 68)","(104, 42)","(68, 8)","(103, 60)","(68, 103)","(90, 139)","(103, 164)","(0, 104)","(12, 104)","(70, 68)","(68, 16)","(103, 152)","(138, 168)","(172, 69)","(33, 4)"
125,"(103, 64)","(103, 156)","(103, 148)","(172, 69)","(138, 57)","(138, 172)","(138, 134)","(70, 139)","(172, 34)","(103, 160)","(103, 172)","(103, 64)","(103, 168)","(172, 69)","(70, 68)","(0, 139)","(33, 8)","(68, 103)","(68, 4)","(33, 105)","(20, 104)","(33, 52)","(8, 139)","(4, 104)","(8, 104)","(16, 104)","(69, 102)","(4, 139)","(96, 34)","(33, 0)","(138, 74)","(69, 115)","(68, 0)","(68, 12)","(103, 144)","(70, 68)","(104, 44)","(68, 8)","(103, 60)","(68, 103)","(88, 139)","(103, 164)","(0, 104)","(12, 104)","(70, 68)","(68, 16)","(103, 152)","(138, 168)","(172, 69)","(33, 4)"
126,"(103, 64)","(103, 156)","(103, 148)","(172, 69)","(138, 59)","(138, 172)","(138, 135)","(69, 139)","(172, 34)","(103, 160)","(103, 172)","(103, 64)","(103, 168)","(172, 69)","(70, 68)","(0, 139)","(33, 8)","(68, 103)","(68, 4)","(33, 103)","(20, 104)","(33, 50)","(8, 139)","(4, 104)","(8, 104)","(16, 104)","(69, 103)","(4, 139)","(97, 34)","(33, 0)","(138, 76)","(69, 113)","(68, 0)","(68, 12)","(103, 144)","(70, 68)","(104, 46)","(68, 8)","(103, 60)","(68, 103)","(88, 139)","(103, 164)","(0, 104)","(12, 104)","(70, 68)","(68, 16)","(103, 152)","(138, 168)","(172, 69)","(33, 4)"
127,"(103, 64)","(103, 156)","(103, 148)","(172, 69)","(138, 60)","(138, 172)","(138, 137)","(68, 138)","(172, 34)","(103, 160)","(103, 172)","(103, 64)","(103, 168)","(172, 69)","(70, 68)","(0, 139)","(33, 8)","(68, 103)","(68, 4)","(33, 102)","(20, 104)","(33, 49)","(8, 139)","(4, 104)","(8, 104)","(16, 104)","(69, 103)","(4, 139)","(98, 34)","(33, 0)","(138, 76)","(69, 111)","(68, 0)","(68, 12)","(103, 144)","(70, 68)","(104, 48)","(68, 8)","(103, 60)","(68, 103)","(87, 139)","(103, 164)","(0, 104)","(12, 104)","(70, 68)","(68, 16)","(103, 152)","(138, 168)","(172, 69)","(33, 4)"
128,"(103, 64)","(103, 156)","(103, 148)","(172, 69)","(138, 60)","(138, 172)","(138, 138)","(67, 139)","(172, 34)","(103, 160)","(103, 172)","(103, 64)","(103, 168)","(172, 69)","(70, 68)","(0, 139)","(33, 8)","(68, 103)","(68, 4)","(33, 102)","(20, 104)","(33, 48)","(8, 139)","(4, 104)","(8, 104)","(16, 104)","(69, 102)","(4, 139)","(99, 34)","(33, 0)","(138, 77)","(69, 109)","(68, 0)","(68, 12)","(103, 144)","(70, 68)","(104, 50)","(68, 8)","(103, 60)","(68, 103)","(85, 139)","(103, 164)","(0, 104)","(12, 104)","(70, 68)","(68, 16)","(103, 152)","(138, 168)","(172, 69)","(33, 4)"
129,"(103, 64)","(103, 156)","(103, 148)","(172, 69)","(138, 61)","(138, 172)","(137, 139)","(67, 139)","(172, 34)","(103, 160)","(103, 172)","(103, 64)","(103, 168)","(172, 69)","(70, 68)","(0, 139)","(33, 8)","(68, 103)","(68, 4)","(33, 101)","(20, 104)","(33, 46)","(8, 139)","(4, 104)","(8, 104)","(16, 104)","(69, 102)","(4, 139)","(100, 34)","(33, 0)","(138, 79)","(69, 107)","(68, 0)","(68, 12)","(103, 144)","(70, 68)","(104, 52)","(68, 8)","(103, 60)","(68, 103)","(85, 139)","(103, 164)","(0, 104)","(12, 104)","(70, 68)","(68, 16)","(103, 152)","(138, 168)","(172, 69)","(33, 4)"
130,"(103, 64)","(103, 156)","(103, 148)","(172, 69)","(138, 63)","(138, 172)","(136, 139)","(66, 139)","(172, 34)","(103, 160)","(103, 172)","(103, 64)","(103, 168)","(172, 69)","(70, 68)","(0, 139)","(33, 8)","(68, 103)","(68, 4)","(33, 101)","(20, 104)","(33, 46)","(8, 139)","(4, 104)","(8, 104)","(16, 104)","(69, 103)","(4, 139)","(101, 34)","(33, 0)","(138, 79)","(69, 107)","(68, 0)","(68, 12)","(103, 144)","(70, 68)","(104, 54)","(68, 8)","(103, 60)","(68, 103)","(84, 139)","(103, 164)","(0, 104)","(12, 104)","(70, 68)","(68, 16)","(103, 152)","(138, 168)","(172, 69)","(33, 4)"
131,"(103, 64)","(103, 156)","(103, 148)","(172, 69)","(138, 65)","(138, 172)","(134, 139)","(66, 139)","(172, 34)","(103, 160)","(103, 172)","(103, 64)","(103, 168)","(172, 69)","(70, 68)","(0, 139)","(33, 8)","(68, 103)","(68, 4)","(33, 99)","(20, 104)","(33, 46)","(8, 139)","(4, 104)","(8, 104)","(16, 104)","(69, 102)","(4, 139)","(103, 34)","(33, 0)","(138, 80)","(69, 106)","(68, 0)","(68, 12)","(103, 144)","(70, 68)","(104, 56)","(68, 8)","(103, 60)","(68, 103)","(83, 139)","(103, 164)","(0, 104)","(12, 104)","(70, 68)","(68, 16)","(103, 152)","(138, 168)","(172, 69)","(33, 4)"
132,"(103, 64)","(103, 156)","(103, 148)","(172, 69)","(138, 65)","(138, 172)","(134, 139)","(66, 139)","(172, 34)","(103, 160)","(103, 172)","(103, 64)","(103, 168)","(172, 69)","(70, 68)","(0, 139)","(33, 8)","(68, 103)","(68, 4)","(33, 98)","(20, 104)","(33, 44)","(8, 139)","(4, 104)","(8, 104)","(16, 104)","(68, 102)","(4, 139)","(103, 36)","(33, 0)","(138, 82)","(70, 104)","(68, 0)","(68, 12)","(103, 144)","(70, 68)","(104, 58)","(68, 8)","(103, 60)","(68, 103)","(82, 139)","(103, 164)","(0, 104)","(12, 104)","(70, 68)","(68, 16)","(103, 152)","(138, 168)","(172, 69)","(33, 4)"
133,"(103, 64)","(103, 156)","(103, 148)","(172, 69)","(138, 66)","(138, 172)","(133, 139)","(65, 139)","(172, 34)","(103, 160)","(103, 172)","(103, 64)","(103, 168)","(172, 69)","(70, 68)","(0, 139)","(33, 8)","(68, 103)","(68, 4)","(33, 97)","(20, 104)","(33, 43)","(8, 139)","(4, 104)","(8, 104)","(16, 104)","(68, 102)","(4, 139)","(103, 38)","(33, 0)","(138, 82)","(69, 102)","(68, 0)","(68, 12)","(103, 144)","(70, 68)","(104, 60)","(68, 8)","(103, 60)","(68, 103)","(81, 139)","(103, 164)","(0, 104)","(12, 104)","(70, 68)","(68, 16)","(103, 152)","(138, 168)","(172, 69)","(33, 4)"
134,"(103, 64)","(103, 156)","(103, 148)","(172, 69)","(138, 66)","(138, 172)","(133, 139)","(64, 139)","(172, 34)","(103, 160)","(103, 172)","(103, 64)","(103, 168)","(172, 69)","(70, 68)","(0, 139)","(33, 8)","(68, 103)","(68, 4)","(33, 96)","(20, 104)","(33, 43)","(8, 139)","(4, 104)","(8, 104)","(16, 104)","(68, 102)","(4, 139)","(103, 40)","(33, 0)","(138, 83)","(69, 103)","(68, 0)","(68, 12)","(103, 144)","(70, 68)","(104, 62)","(68, 8)","(103, 60)","(68, 103)","(79, 139)","(103, 164)","(0, 104)","(12, 104)","(70, 68)","(68, 16)","(103, 152)","(138, 168)","(172, 69)","(33, 4)"
135,"(103, 64)","(103, 156)","(103, 148)","(172, 69)","(138, 67)","(138, 172)","(132, 139)","(62, 139)","(172, 34)","(103, 160)","(103, 172)","(103, 64)","(103, 168)","(172, 69)","(70, 68)","(0, 139)","(33, 8)","(68, 103)","(68, 4)","(33, 96)","(20, 104)","(33, 43)","(8, 139)","(4, 104)","(8, 104)","(16, 104)","(68, 102)","(4, 139)","(103, 42)","(33, 0)","(138, 83)","(69, 102)","(68, 0)","(68, 12)","(103, 144)","(70, 68)","(104, 64)","(68, 8)","(103, 60)","(68, 103)","(77, 139)","(103, 164)","(0, 104)","(12, 104)","(70, 68)","(68, 16)","(103, 152)","(138, 168)","(172, 69)","(33, 4)"
136,"(103, 64)","(103, 156)","(103, 148)","(172, 69)","(138, 67)","(138, 172)","(130, 139)","(62, 139)","(172, 34)","(103, 160)","(103, 172)","(103, 64)","(103, 168)","(172, 69)","(70, 68)","(0, 139)","(33, 8)","(68, 103)","(68, 4)","(33, 95)","(20, 104)","(33, 42)","(8, 139)","(4, 104)","(8, 104)","(16, 104)","(68, 102)","(4, 139)","(103, 44)","(33, 0)","(138, 84)","(69, 102)","(68, 0)","(68, 12)","(103, 144)","(70, 68)","(104, 66)","(68, 8)","(103, 60)","(68, 103)","(76, 139)","(103, 164)","(0, 104)","(12, 104)","(70, 68)","(68, 16)","(103, 152)","(138, 168)","(172, 69)","(33, 4)"
137,"(103, 64)","(103, 156)","(103, 148)","(172, 69)","(139, 68)","(138, 172)","(128, 139)","(61, 139)","(172, 34)","(103, 160)","(103, 172)","(103, 64)","(103, 168)","(172, 69)","(70, 68)","(0, 139)","(33, 8)","(68, 103)","(68, 4)","(33, 94)","(20, 104)","(33, 41)","(8, 139)","(4, 104)","(8, 104)","(16, 104)","(68, 102)","(4, 139)","(103, 44)","(33, 0)","(138, 84)","(69, 103)","(68, 0)","(68, 12)","(103, 144)","(70, 68)","(103, 68)","(68, 8)","(103, 60)","(68, 103)","(76, 139)","(103, 164)","(0, 104)","(12, 104)","(70, 68)","(68, 16)","(103, 152)","(138, 168)","(172, 69)","(33, 4)"
138,"(103, 64)","(103, 156)","(103, 148)","(172, 69)","(139, 70)","(138, 172)","(126, 139)","(60, 139)","(172, 34)","(103, 160)","(103, 172)","(103, 64)","(103, 168)","(172, 69)","(70, 68)","(0, 139)","(33, 8)","(68, 103)","(68, 4)","(33, 94)","(20, 104)","(33, 39)","(8, 139)","(4, 104)","(8, 104)","(16, 104)","(68, 102)","(4, 139)","(103, 45)","(33, 0)","(138, 85)","(69, 103)","(68, 0)","(68, 12)","(103, 144)","(70, 68)","(103, 69)","(68, 8)","(103, 60)","(68, 103)","(74, 139)","(103, 164)","(0, 104)","(12, 104)","(70, 68)","(68, 16)","(103, 152)","(138, 168)","(172, 69)","(33, 4)"
139,"(103, 64)","(103, 156)","(103, 148)","(172, 69)","(138, 70)","(138, 172)","(125, 139)","(60, 139)","(172, 34)","(103, 160)","(103, 172)","(103, 64)","(103, 168)","(172, 69)","(70, 68)","(0, 139)","(33, 8)","(68, 103)","(68, 4)","(33, 92)","(20, 104)","(33, 39)","(8, 139)","(4, 104)","(8, 104)","(16, 104)","(68, 102)","(4, 139)","(103, 45)","(33, 0)","(138, 86)","(69, 103)","(68, 0)","(68, 12)","(103, 144)","(70, 68)","(105, 69)","(68, 8)","(103, 60)","(68, 103)","(72, 139)","(103, 164)","(0, 104)","(12, 104)","(70, 68)","(68, 16)","(103, 152)","(138, 168)","(172, 69)","(33, 4)"
140,"(103, 64)","(103, 156)","(103, 148)","(172, 69)","(138, 71)","(138, 172)","(123, 139)","(58, 139)","(172, 34)","(103, 160)","(103, 172)","(103, 64)","(103, 168)","(172, 69)","(70, 68)","(0, 139)","(33, 8)","(68, 103)","(68, 4)","(33, 91)","(20, 104)","(33, 38)","(8, 139)","(4, 104)","(8, 104)","(16, 104)","(68, 102)","(4, 139)","(103, 47)","(33, 0)","(138, 87)","(69, 103)","(68, 0)","(68, 12)","(103, 144)","(70, 68)","(105, 68)","(68, 8)","(103, 60)","(68, 103)","(70, 139)","(103, 164)","(0, 104)","(12, 104)","(70, 68)","(68, 16)","(103, 152)","(138, 168)","(172, 69)","(33, 4)"
141,"(103, 64)","(103, 156)","(103, 148)","(172, 69)","(138, 73)","(138, 172)","(121, 139)","(57, 139)","(172, 34)","(103, 160)","(103, 172)","(103, 64)","(103, 168)","(172, 69)","(70, 68)","(0, 139)","(33, 8)","(68, 103)","(68, 4)","(33, 90)","(20, 104)","(33, 36)","(8, 139)","(4, 104)","(8, 104)","(16, 104)","(68, 102)","(4, 139)","(103, 49)","(33, 0)","(138, 88)","(69, 103)","(68, 0)","(68, 12)","(103, 144)","(70, 68)","(103, 68)","(68, 8)","(103, 60)","(68, 103)","(69, 138)","(103, 164)","(0, 104)","(12, 104)","(70, 68)","(68, 16)","(103, 152)","(138, 168)","(172, 69)","(33, 4)"
142,"(103, 64)","(103, 156)","(103, 148)","(172, 69)","(138, 74)","(138, 172)","(120, 139)","(56, 139)","(172, 34)","(103, 160)","(103, 172)","(103, 64)","(103, 168)","(172, 69)","(70, 68)","(0, 139)","(33, 8)","(68, 103)","(68, 4)","(33, 88)","(20, 104)","(33, 34)","(8, 139)","(4, 104)","(8, 104)","(16, 104)","(68, 102)","(4, 139)","(103, 49)","(33, 0)","(138, 88)","(69, 103)","(68, 0)","(68, 12)","(103, 144)","(70, 68)","(103, 68)","(68, 8)","(103, 60)","(68, 103)","(69, 136)","(103, 164)","(0, 104)","(12, 104)","(70, 68)","(68, 16)","(103, 152)","(138, 168)","(172, 69)","(33, 4)"
143,"(103, 64)","(103, 156)","(103, 148)","(172, 69)","(138, 74)","(138, 172)","(119, 139)","(56, 139)","(172, 34)","(103, 160)","(103, 172)","(103, 64)","(103, 168)","(172, 69)","(70, 68)","(0, 139)","(33, 8)","(68, 103)","(68, 4)","(33, 87)","(20, 104)","(34, 33)","(8, 139)","(4, 104)","(8, 104)","(16, 104)","(68, 102)","(4, 139)","(103, 49)","(33, 0)","(138, 89)","(69, 103)","(68, 0)","(68, 12)","(103, 144)","(70, 68)","(105, 68)","(68, 8)","(103, 60)","(68, 103)","(69, 134)","(103, 164)","(0, 104)","(12, 104)","(70, 68)","(68, 16)","(103, 152)","(138, 168)","(172, 69)","(33, 4)"
144,"(103, 64)","(103, 156)","(103, 148)","(172, 69)","(138, 76)","(138, 172)","(118, 139)","(56, 139)","(172, 34)","(103, 160)","(103, 172)","(103, 64)","(103, 168)","(172, 69)","(70, 68)","(0, 139)","(33, 8)","(68, 103)","(68, 4)","(33, 85)","(20, 104)","(35, 34)","(8, 139)","(4, 104)","(8, 104)","(16, 104)","(68, 102)","(4, 139)","(103, 49)","(33, 0)","(138, 90)","(69, 103)","(68, 0)","(68, 12)","(103, 144)","(70, 68)","(104, 68)","(68, 8)","(103, 60)","(68, 103)","(69, 132)","(103, 164)","(0, 104)","(12, 104)","(70, 68)","(68, 16)","(103, 152)","(138, 168)","(172, 69)","(33, 4)"
145,"(103, 64)","(103, 156)","(103, 148)","(172, 69)","(138, 77)","(138, 172)","(116, 139)","(55, 139)","(172, 34)","(103, 160)","(103, 172)","(103, 64)","(103, 168)","(172, 69)","(70, 68)","(0, 139)","(33, 8)","(68, 103)","(68, 4)","(33, 84)","(20, 104)","(35, 34)","(8, 139)","(4, 104)","(8, 104)","(16, 104)","(68, 102)","(4, 139)","(103, 50)","(33, 0)","(138, 92)","(69, 102)","(68, 0)","(68, 12)","(103, 144)","(70, 68)","(102, 68)","(68, 8)","(103, 60)","(68, 103)","(69, 130)","(103, 164)","(0, 104)","(12, 104)","(70, 68)","(68, 16)","(103, 152)","(138, 168)","(172, 69)","(33, 4)"
146,"(103, 64)","(103, 156)","(103, 148)","(172, 69)","(138, 79)","(138, 172)","(114, 139)","(54, 139)","(172, 34)","(103, 160)","(103, 172)","(103, 64)","(103, 168)","(172, 69)","(70, 68)","(0, 139)","(33, 8)","(68, 103)","(68, 4)","(33, 83)","(20, 104)","(36, 34)","(8, 139)","(4, 104)","(8, 104)","(16, 104)","(68, 102)","(4, 139)","(103, 51)","(33, 0)","(138, 93)","(69, 102)","(68, 0)","(68, 12)","(103, 144)","(70, 68)","(104, 69)","(68, 8)","(103, 60)","(68, 103)","(69, 128)","(103, 164)","(0, 104)","(12, 104)","(70, 68)","(68, 16)","(103, 152)","(138, 168)","(172, 69)","(33, 4)"
147,"(103, 64)","(103, 156)","(103, 148)","(172, 69)","(138, 80)","(138, 172)","(113, 139)","(53, 139)","(172, 34)","(103, 160)","(103, 172)","(103, 64)","(103, 168)","(172, 69)","(70, 68)","(0, 139)","(33, 8)","(68, 103)","(68, 4)","(33, 82)","(20, 104)","(37, 34)","(8, 139)","(4, 104)","(8, 104)","(16, 104)","(68, 102)","(4, 139)","(103, 51)","(33, 0)","(138, 94)","(69, 103)","(68, 0)","(68, 12)","(103, 144)","(70, 68)","(106, 69)","(68, 8)","(103, 60)","(68, 103)","(69, 126)","(103, 164)","(0, 104)","(12, 104)","(70, 68)","(68, 16)","(103, 152)","(138, 168)","(172, 69)","(33, 4)"
148,"(103, 64)","(103, 156)","(103, 148)","(172, 69)","(138, 82)","(138, 172)","(112, 139)","(52, 139)","(172, 34)","(103, 160)","(103, 172)","(103, 64)","(103, 168)","(172, 69)","(70, 68)","(0, 139)","(33, 8)","(68, 103)","(68, 4)","(33, 82)","(20, 104)","(37, 34)","(8, 139)","(4, 104)","(8, 104)","(16, 104)","(68, 102)","(4, 139)","(103, 51)","(33, 0)","(138, 94)","(69, 103)","(68, 0)","(68, 12)","(103, 144)","(70, 68)","(108, 69)","(68, 8)","(103, 60)","(68, 103)","(69, 124)","(103, 164)","(0, 104)","(12, 104)","(70, 68)","(68, 16)","(103, 152)","(138, 168)","(172, 69)","(33, 4)"
